VID,"2021-07-26 10:19:50","2021-07-26 10:19:53.404","Api null","Api null","Api null","CPU Reset"
201003,"2021-07-26 10:18:49","2021-07-26 10:18:53",200,"{""data_failed"":[],""message"":""Success""}","2021-07-26 10:19:06",Update
201011,"2021-07-16 14:06:56","2021-07-16 14:06:59",200,"{""data_failed"":[],""message"":""Success""}","2021-07-16 14:07:08","Battery Power Low (66,6234)"
201016,"2021-07-26 10:19:50","2021-07-26 10:19:57",200,"{""data_failed"":[],""message"":""Success""}","2021-07-26 10:20:06",Update
201022,"2021-07-26 10:19:45","2021-07-26 10:19:48",200,"{""data_failed"":[],""message"":""Success""}","2021-07-26 10:19:57",Update
201025,"2021-07-26 10:19:59","2021-07-26 10:20:06",200,"{""data_failed"":[],""message"":""Success""}","2021-07-26 10:20:18",Update
201031,"2021-07-26 10:19:33","2021-07-26 10:19:41",200,"{""data_failed"":[],""message"":""Success""}","2021-07-26 10:19:57",Update
201034,"2021-07-26 10:20:06","2021-07-26 10:20:08",200,"{""data_failed"":[],""message"":""Success""}","2021-07-26 10:20:18",Update
201035,"2021-07-26 10:19:26","2021-07-26 10:19:30",200,"{""data_failed"":[],""message"":""Success""}","2021-07-26 10:19:48",Update
201036,"2021-07-26 10:19:21","2021-07-26 10:19:29",200,"{""data_failed"":[],""message"":""Success""}","2021-07-26 10:19:45",Update
201037,"2021-06-20 21:50:13.766","2021-06-20 21:50:20.111","Api null","Api null","Api null","CPU Reset"
201038,"2021-07-26 10:24:44","2021-07-26 10:24:47",200,"{""data_failed"":[],""message"":""Success""}","2021-07-26 10:25:01",Update
201044,"2021-07-26 10:25:16","2021-07-26 10:25:19",200,"{""data_failed"":[],""message"":""Success""}","2021-07-26 10:25:34",Update
201046,"2021-07-26 10:25:08","2021-07-26 10:25:11",200,"{""data_failed"":[],""message"":""Success""}","2021-07-26 10:25:23",Update
201048,"2021-07-21 10:48:38","2021-07-21 10:48:41",200,"{""data_failed"":[],""message"":""Success""}","2021-07-21 10:48:58","CPU Reset"
201058,"2021-07-26 10:25:51","2021-07-26 10:25:54",200,"{""data_failed"":[],""message"":""Success""}","2021-07-26 10:26:06",Update
201059,"2021-07-26 10:25:44","2021-07-26 10:25:47",200,"{""data_failed"":[],""message"":""Success""}","2021-07-26 10:26:04",Update
201063,"2021-07-09 10:00:29.358","2021-07-09 10:00:33.227","Api null","Api null","Api null","CPU Reset"
201064,"2021-07-26 10:25:55","2021-07-26 10:25:58",200,"{""data_failed"":[],""message"":""Success""}","2021-07-26 10:26:05",Update
201067,"2021-06-24 16:22:47.496","2021-06-24 16:23:13.675","Api null","Api null","Api null","CPU Reset"
201071,"2021-07-26 10:26:40","2021-07-26 10:26:46",200,"{""data_failed"":[],""message"":""Success""}","2021-07-26 10:27:08",Update
201072,"2021-07-26 10:26:29","2021-07-26 10:26:32",200,"{""data_failed"":[],""message"":""Success""}","2021-07-26 10:26:36",Update
201074,"2021-07-26 10:26:55","2021-07-26 10:26:57",200,"{""data_failed"":[],""message"":""Success""}","2021-07-26 10:27:19",Update
201075,"2021-07-26 10:26:13","2021-07-26 10:26:19",200,"{""data_failed"":[],""message"":""Success""}","2021-07-26 10:26:29",Update
201077,"2021-07-26 10:27:08","2021-07-26 10:27:12",200,"{""data_failed"":[],""message"":""Success""}","2021-07-26 10:27:31",Update
201078,"2021-07-26 10:26:12","2021-07-26 10:26:18",200,"{""data_failed"":[],""message"":""Success""}","2021-07-26 10:26:28",Update
201079,"2021-07-26 10:26:29","2021-07-26 10:26:33",200,"{""data_failed"":[],""message"":""Success""}","2021-07-26 10:26:38",Update
201080,"2021-07-26 10:26:15","2021-07-26 10:26:19",200,"{""data_failed"":[],""message"":""Success""}","2021-07-26 10:26:30",Update
201081,"2021-07-26 10:27:01","2021-07-26 10:27:04",200,"{""data_failed"":[],""message"":""Success""}","2021-07-26 10:27:22",Update
201082,"2021-07-17 23:52:19","2021-07-17 23:52:23",200,"{""data_failed"":[],""message"":""Success""}","2021-07-17 23:52:37","Battery Power Low (66,0)"
201083,"2021-07-26 10:26:53","2021-07-26 10:26:57",200,"{""data_failed"":[],""message"":""Success""}","2021-07-26 10:27:20",Update
201084,"2021-07-26 10:26:54","2021-07-26 10:26:57",200,"{""data_failed"":[],""message"":""Success""}","2021-07-26 10:27:21",Update
201085,"2021-07-26 10:27:18","2021-07-26 10:27:21",200,"{""data_failed"":[],""message"":""Success""}","2021-07-26 10:27:42",Update
201086,"2021-07-26 10:26:51","2021-07-26 10:26:56",200,"{""data_failed"":[],""message"":""Success""}","2021-07-26 10:27:09",Update
201087,"2021-07-26 10:27:20","2021-07-26 10:27:26",200,"{""data_failed"":[],""message"":""Success""}","2021-07-26 10:27:43",Update
201088,"2021-07-26 10:27:36","2021-07-26 10:27:39",200,"{""data_failed"":[],""message"":""Success""}","2021-07-26 10:27:54",Update
201089,"2021-07-26 10:27:14","2021-07-26 10:27:16",200,"{""data_failed"":[],""message"":""Success""}","2021-07-26 10:27:29",Update
201090,"2021-07-26 10:26:52","2021-07-26 10:27:07",200,"{""data_failed"":[],""message"":""Success""}","2021-07-26 10:27:29",Update
201092,"2021-07-26 10:26:49","2021-07-26 10:26:52",200,"{""data_failed"":[],""message"":""Success""}","2021-07-26 10:27:09",Update
201093,"2021-07-26 10:27:42","2021-07-26 10:27:45",200,"{""data_failed"":[],""message"":""Success""}","2021-07-26 10:28:01",Update
201094,"2021-07-26 10:27:06","2021-07-26 10:27:09",200,"{""data_failed"":[],""message"":""Success""}","2021-07-26 10:27:30",Update
201095,"2021-07-26 10:26:51","2021-07-26 10:26:54",200,"{""data_failed"":[],""message"":""Success""}","2021-07-26 10:27:11",Update
201096,"2021-07-26 10:26:51","2021-07-26 10:26:54",200,"{""data_failed"":[],""message"":""Success""}","2021-07-26 10:27:11",Update
201097,"2021-07-26 10:27:26","2021-07-26 10:27:29",200,"{""data_failed"":[],""message"":""Success""}","2021-07-26 10:27:44",Update
201100,"2021-07-26 10:27:16","2021-07-26 10:27:19",200,"{""data_failed"":[],""message"":""Success""}","2021-07-26 10:27:42",Update
201102,"2021-05-29 14:49:46","2021-05-29 14:49:49.73","Api null","Api null","Api null","Battery Power Low (66,0) (api null)"
201103,"2021-07-26 10:28:36","2021-07-26 10:28:39",200,"{""data_failed"":[],""message"":""Success""}","2021-07-26 10:28:57",Update
201104,"2021-07-26 10:28:40","2021-07-26 10:28:43",200,"{""data_failed"":[],""message"":""Success""}","2021-07-26 10:28:59",Update
201105,"2021-07-26 10:26:08","2021-07-26 10:26:23",200,"{""data_failed"":[],""message"":""Success""}","2021-07-26 10:26:40",Update
201109,"2021-07-26 10:28:50","2021-07-26 10:29:10",200,"{""data_failed"":[],""message"":""Success""}","2021-07-26 10:29:26",Update
201110,"2021-07-26 10:28:51","2021-07-26 10:28:53",200,"{""data_failed"":[],""message"":""Success""}","2021-07-26 10:29:07",Update
201111,"2021-07-26 10:29:16","2021-07-26 10:29:20",200,"{""data_failed"":[],""message"":""Success""}","2021-07-26 10:29:30",Update
201112,"2021-07-26 10:28:37","2021-07-26 10:28:39",200,"{""data_failed"":[],""message"":""Success""}","2021-07-26 10:28:59",Update
201113,"2021-07-26 10:29:12","2021-07-26 10:29:17",200,"{""data_failed"":[],""message"":""Success""}","2021-07-26 10:29:27",Update
201114,"2021-07-26 10:28:33","2021-07-26 10:28:36",200,"{""data_failed"":[],""message"":""Success""}","2021-07-26 10:28:56",Update
201115,"2021-07-26 10:28:35","2021-07-26 10:28:37",200,"{""data_failed"":[],""message"":""Success""}","2021-07-26 10:28:57",Update
201116,"2021-07-26 10:28:42","2021-07-26 10:28:57",200,"{""data_failed"":[],""message"":""Success""}","2021-07-26 10:29:10",Update
201118,"2021-07-14 18:42:24","2021-07-14 18:42:26",200,"{""data_failed"":[],""message"":""Success""}","2021-07-14 18:42:39","CPU Reset"
201121,,,"Api null","Api null","Api null","Battery Power Low () (api null)"
201124,"2021-07-26 10:31:02","2021-07-26 10:31:06",200,"{""data_failed"":[],""message"":""Success""}","2021-07-26 10:31:24",Update
201125,"2021-07-09 01:24:50","2021-07-09 01:24:53.134","Api null","Api null","Api null","Battery Power Low (66,4984) (api null)"
201126,"2021-07-26 10:30:18","2021-07-26 10:30:20",200,"{""data_failed"":[],""message"":""Success""}","2021-07-26 10:30:42",Update
201127,"2021-07-12 14:44:17","2021-07-12 14:44:22",200,"{""data_failed"":[],""message"":""Success""}","2021-07-12 14:44:32","CPU Reset"
201128,"2021-07-26 10:32:15","2021-07-26 10:32:19",200,"{""data_failed"":[],""message"":""Success""}","2021-07-26 10:32:38",Update
201129,"2021-07-26 10:31:41","2021-07-26 10:31:44",200,"{""data_failed"":[],""message"":""Success""}","2021-07-26 10:32:36",Update
201130,"2021-07-26 10:32:21","2021-07-26 10:32:24",200,"{""data_failed"":[],""message"":""Success""}","2021-07-26 10:32:41",Update
201131,"2021-07-26 10:32:09","2021-07-26 10:32:12",200,"{""data_failed"":[],""message"":""Success""}","2021-07-26 10:32:28",Update
201132,"2021-07-26 08:41:36","2021-07-26 08:41:38",200,"{""data_failed"":[],""message"":""Success""}","2021-07-26 08:41:57",Update
201136,"2021-07-26 10:32:30","2021-07-26 10:32:33",200,"{""data_failed"":[],""message"":""Success""}","2021-07-26 10:32:39",Update
201137,"2021-07-26 10:32:38","2021-07-26 10:32:41",200,"{""data_failed"":[],""message"":""Success""}","2021-07-26 10:32:50",Update
201138,"2021-06-15 18:16:39","2021-06-15 18:16:41.779","Api null","Api null","Api null","Battery Power Low (66,0) (api null)"
201139,"2021-07-26 10:32:43","2021-07-26 10:32:46",200,"{""data_failed"":[],""message"":""Success""}","2021-07-26 10:33:00",Update
201140,"2021-07-26 10:32:57","2021-07-26 10:33:00",200,"{""data_failed"":[],""message"":""Success""}","2021-07-26 10:33:11",Update
201143,"2021-07-26 10:32:34","2021-07-26 10:32:38",200,"{""data_failed"":[],""message"":""Success""}","2021-07-26 10:32:52",Update
201144,"2021-07-26 10:32:09","2021-07-26 10:32:12",200,"{""data_failed"":[],""message"":""Success""}","2021-07-26 10:32:28",Update
201145,"2021-07-26 10:33:02","2021-07-26 10:33:05",200,"{""data_failed"":[],""message"":""Success""}","2021-07-26 10:33:14",Update
201149,"2021-07-26 10:32:54","2021-07-26 10:32:58",200,"{""data_failed"":[],""message"":""Success""}","2021-07-26 10:33:13",Update
201152,"2021-07-26 10:32:20","2021-07-26 10:32:24",200,"{""data_failed"":[],""message"":""Success""}","2021-07-26 10:32:40",Update
201153,"2021-07-26 10:29:38","2021-07-26 10:29:48",200,"{""data_failed"":[],""message"":""Success""}","2021-07-26 10:29:58",Update
201154,"2021-07-26 10:32:04","2021-07-26 10:32:08",200,"{""data_failed"":[],""message"":""Success""}","2021-07-26 10:32:18",Update
201155,"2021-06-29 13:58:42","2021-06-29 13:58:45.026","Api null","Api null","Api null","Battery Power Low (66,5662) (api null)"
201156,"2021-07-26 10:32:46","2021-07-26 10:32:50",200,"{""data_failed"":[],""message"":""Success""}","2021-07-26 10:33:00",Update
201157,"2021-07-05 22:01:31","2021-07-05 22:01:47.277","Api null","Api null","Api null","Battery Power Low (66,5802) (api null)"
201159,"2021-07-26 10:32:55","2021-07-26 10:32:59",200,"{""data_failed"":[],""message"":""Success""}","2021-07-26 10:33:11",Update
201160,"2021-07-26 10:33:22","2021-07-26 10:33:26",200,"{""data_failed"":[],""message"":""Success""}","2021-07-26 10:33:35",Update
201161,"2021-07-26 10:32:35","2021-07-26 10:32:38",200,"{""data_failed"":[],""message"":""Success""}","2021-07-26 10:32:51",Update
201162,"2021-07-26 10:32:33","2021-07-26 10:32:36",200,"{""data_failed"":[],""message"":""Success""}","2021-07-26 10:32:50",Update
201164,"2021-07-12 14:57:17","2021-07-12 14:57:19",200,"{""data_failed"":[],""message"":""Success""}","2021-07-12 14:57:29","Battery Power Low (66,5261)"
201165,"2021-07-26 10:33:26","2021-07-26 10:33:29",200,"{""data_failed"":[],""message"":""Success""}","2021-07-26 10:33:44",Update
201166,"2021-07-26 10:33:19","2021-07-26 10:33:21",200,"{""data_failed"":[],""message"":""Success""}","2021-07-26 10:33:33",Update
201167,"2021-07-26 10:33:05","2021-07-26 10:33:08",200,"{""data_failed"":[],""message"":""Success""}","2021-07-26 10:33:21",Update
201168,"2021-07-26 10:33:28","2021-07-26 10:33:31",200,"{""data_failed"":[],""message"":""Success""}","2021-07-26 10:33:46",Update
201169,"2021-07-26 10:33:01","2021-07-26 10:33:03",200,"{""data_failed"":[],""message"":""Success""}","2021-07-26 10:33:12",Update
201171,"2021-07-26 10:33:42","2021-07-26 10:33:44",200,"{""data_failed"":[],""message"":""Success""}","2021-07-26 10:33:55",Update
201172,"2021-07-26 10:33:44","2021-07-26 10:33:46",200,"{""data_failed"":[],""message"":""Success""}","2021-07-26 10:33:56",Update
201174,"2021-07-22 21:09:37","2021-07-22 21:09:39",200,"{""data_failed"":[],""message"":""Success""}","2021-07-22 21:10:46","CPU Reset"
201175,"2021-07-21 10:20:30","2021-07-21 10:20:33",200,"{""data_failed"":[],""message"":""Success""}","2021-07-21 10:20:40","CPU Reset"
201176,"2021-07-15 12:50:02","2021-07-15 12:50:04",200,"{""data_failed"":[],""message"":""Success""}","2021-07-15 12:50:18","CPU Reset"
201177,"2021-07-22 15:16:57","2021-07-22 15:17:00",200,"{""data_failed"":[],""message"":""Success""}","2021-07-22 15:17:21","Battery Power Low (66,5039)"
201178,"2021-07-26 10:35:09","2021-07-26 10:35:12",200,"{""data_failed"":[],""message"":""Success""}","2021-07-26 10:35:31",Update
201179,"2021-07-26 10:35:05","2021-07-26 10:35:08",200,"{""data_failed"":[],""message"":""Success""}","2021-07-26 10:35:19",Update
201180,"2021-07-26 10:34:52","2021-07-26 10:34:54",200,"{""data_failed"":[],""message"":""Success""}","2021-07-26 10:35:09",Update
201181,"2021-07-26 10:34:47","2021-07-26 10:34:50",200,"{""data_failed"":[],""message"":""Success""}","2021-07-26 10:35:09",Update
201182,"2021-07-26 10:35:11","2021-07-26 10:35:15",200,"{""data_failed"":[],""message"":""Success""}","2021-07-26 10:35:29",Update
201183,"2021-07-07 11:10:27","2021-07-07 11:10:30.501","Api null","Api null","Api null","CPU Reset"
201184,"2021-07-26 10:35:14","2021-07-26 10:35:16",200,"{""data_failed"":[],""message"":""Success""}","2021-07-26 10:35:32",Update
201185,"2021-07-26 10:34:46","2021-07-26 10:34:49",200,"{""data_failed"":[],""message"":""Success""}","2021-07-26 10:35:08",Update
201186,"2021-07-07 15:36:55","2021-07-07 15:36:58.646","Api null","Api null","Api null","Battery Power Low (66,0) (api null)"
201188,"2021-07-26 10:34:31","2021-07-26 10:34:34",200,"{""data_failed"":[],""message"":""Success""}","2021-07-26 10:34:47",Update
201190,"2021-07-26 10:35:39","2021-07-26 10:35:41",null,null,null,"Temp Error (72,3000)"
201191,"2021-07-26 10:35:02","2021-07-26 10:35:19",200,"{""data_failed"":[],""message"":""Success""}","2021-07-26 10:35:34",Update
201192,"2021-07-26 10:35:55","2021-07-26 10:35:58",200,"{""data_failed"":[],""message"":""Success""}","2021-07-26 10:36:14",Update
201193,"2021-06-03 14:30:07","2021-06-03 14:30:09.59","Api null","Api null","Api null","Battery Power Low (66,4) (api null)"
201194,"2021-07-26 10:35:53","2021-07-26 10:35:56",200,"{""data_failed"":[],""message"":""Success""}","2021-07-26 10:36:13",Update
201195,"2021-07-26 10:36:10","2021-07-26 10:36:13",200,"{""data_failed"":[],""message"":""Success""}","2021-07-26 10:36:25",Update
201196,"2021-07-26 10:35:53","2021-07-26 10:35:55",200,"{""data_failed"":[],""message"":""Success""}","2021-07-26 10:36:14",Update
201197,"2021-07-26 10:36:08","2021-07-26 10:36:11",200,"{""data_failed"":[],""message"":""Success""}","2021-07-26 10:36:24",Update
201198,"2021-07-26 10:36:36","2021-07-26 10:36:39",200,"{""data_failed"":[],""message"":""Success""}","2021-07-26 10:36:53",Update
201199,"2021-07-26 10:34:00","2021-07-26 10:34:20",200,"{""data_failed"":[],""message"":""Success""}","2021-07-26 10:34:40",Update
201200,"2021-07-26 10:36:11","2021-07-26 10:36:13",200,"{""data_failed"":[],""message"":""Success""}","2021-07-26 10:36:26",Update
201201,"2021-07-26 10:36:43","2021-07-26 10:36:45",200,"{""data_failed"":[],""message"":""Success""}","2021-07-26 10:36:56",Update
201202,"2021-07-26 10:33:30","2021-07-26 10:33:54",200,"{""data_failed"":[],""message"":""Success""}","2021-07-26 10:34:15",Update
201204,"2021-07-26 10:36:22","2021-07-26 10:36:27",200,"{""data_failed"":[],""message"":""Success""}","2021-07-26 10:36:34",Update
201205,"2021-07-26 10:36:42","2021-07-26 10:36:45",200,"{""data_failed"":[],""message"":""Success""}","2021-07-26 10:36:54",Update
201206,"2021-07-26 10:36:10","2021-07-26 10:36:14",200,"{""data_failed"":[],""message"":""Success""}","2021-07-26 10:36:22",Update
201207,"2021-07-26 10:36:43","2021-07-26 10:36:46",200,"{""data_failed"":[],""message"":""Success""}","2021-07-26 10:36:57",Update
201208,"2021-07-09 09:54:57","2021-07-09 09:59:14.837","Api null","Api null","Api null","CPU Reset"
201209,"2021-07-26 10:35:56","2021-07-26 10:35:58",200,"{""data_failed"":[],""message"":""Success""}","2021-07-26 10:36:13",Update
201210,"2021-06-30 05:22:06","2021-06-30 05:22:09.724","Api null","Api null","Api null","CPU Reset"
201212,"2021-07-26 10:36:21","2021-07-26 10:36:24",200,"{""data_failed"":[],""message"":""Success""}","2021-07-26 10:36:36",Update
201214,"2021-07-26 10:36:18","2021-07-26 10:36:21",200,"{""data_failed"":[],""message"":""Success""}","2021-07-26 10:36:33",Update
201215,"2021-07-26 10:36:20","2021-07-26 10:36:22",200,"{""data_failed"":[],""message"":""Success""}","2021-07-26 10:36:35",Update
201216,"2021-07-19 08:36:24","2021-07-19 08:36:27",200,"{""data_failed"":[],""message"":""Success""}","2021-07-19 08:36:42","CPU Reset"
201218,"2021-07-26 10:36:41","2021-07-26 10:36:43",200,"{""data_failed"":[],""message"":""Success""}","2021-07-26 10:36:54",Update
201219,"2021-07-26 10:37:06","2021-07-26 10:37:08",200,"{""data_failed"":[],""message"":""Success""}","2021-07-26 10:37:25",Update
201220,"2021-07-26 10:36:39","2021-07-26 10:36:41",200,"{""data_failed"":[],""message"":""Success""}","2021-07-26 10:36:53",Update
201221,"2021-07-26 10:37:09","2021-07-26 10:37:11",200,"{""data_failed"":[],""message"":""Success""}","2021-07-26 10:37:30",Update
201222,"2021-07-26 10:34:34","2021-07-26 10:34:47",200,"{""data_failed"":[],""message"":""Success""}","2021-07-26 10:35:06",Update
201223,"2021-07-26 10:36:53","2021-07-26 10:36:56",200,"{""data_failed"":[],""message"":""Success""}","2021-07-26 10:37:16",Update
201224,"2021-07-26 10:36:25","2021-07-26 10:36:28",200,"{""data_failed"":[],""message"":""Success""}","2021-07-26 10:36:44",Update
201225,"2021-07-26 10:37:07","2021-07-26 10:37:10",200,"{""data_failed"":[],""message"":""Success""}","2021-07-26 10:37:30",Update
201226,"2021-07-26 10:37:03","2021-07-26 10:37:06",200,"{""data_failed"":[],""message"":""Success""}","2021-07-26 10:37:28",Update
201228,"2021-07-06 17:16:11","2021-07-06 17:16:32.141","Api null","Api null","Api null","Battery Power Low (66,0) (api null)"
201229,"2021-07-26 10:36:45","2021-07-26 10:36:48",200,"{""data_failed"":[],""message"":""Success""}","2021-07-26 10:36:55",Update
201230,"2021-07-26 10:36:58","2021-07-26 10:37:01",200,"{""data_failed"":[],""message"":""Success""}","2021-07-26 10:37:18",Update
201231,"2021-07-26 10:36:33","2021-07-26 10:36:35",200,"{""data_failed"":[],""message"":""Success""}","2021-07-26 10:36:44",Update
201232,"2021-07-02 06:48:15","2021-07-02 12:04:00.171","Api null","Api null","Api null","Battery Power Low (66,4474) (api null)"
201233,"2021-07-14 11:01:32","2021-07-14 11:01:37",200,"{""data_failed"":[],""message"":""Success""}","2021-07-14 11:01:41","Battery Power Low (66,5333)"
201234,"2021-07-26 10:37:09","2021-07-26 10:37:12",200,"{""data_failed"":[],""message"":""Success""}","2021-07-26 10:37:28",Update
201236,"2021-07-25 16:24:33","2021-07-25 16:24:37",200,"{""data_failed"":[],""message"":""Success""}","2021-07-25 16:24:52","Battery Power Low (66,2979)"
201237,"2021-07-26 10:38:01","2021-07-26 10:38:04",200,"{""data_failed"":[],""message"":""Success""}","2021-07-26 10:39:09",Update
201238,"2021-07-26 10:38:58","2021-07-26 10:39:00",200,"{""data_failed"":[],""message"":""Success""}","2021-07-26 10:39:18",Update
201239,"2021-07-26 10:38:55","2021-07-26 10:38:57",200,"{""data_failed"":[],""message"":""Success""}","2021-07-26 10:39:16",Update
201240,"2021-07-12 19:30:47","2021-07-12 19:30:50",200,"{""data_failed"":[],""message"":""Success""}","2021-07-12 19:31:02","CPU Reset"
201241,"2021-07-15 01:24:08","2021-07-15 01:24:10",200,"{""data_failed"":[],""message"":""Success""}","2021-07-15 01:24:27","Battery Power Low (66,5154)"
201242,"2021-07-26 10:39:53","2021-07-26 10:39:56",200,"{""data_failed"":[],""message"":""Success""}","2021-07-26 10:40:10",Update
201243,"2021-07-26 10:40:00","2021-07-26 10:40:03",200,"{""data_failed"":[],""message"":""Success""}","2021-07-26 10:40:11",Update
201244,"2021-07-26 10:39:39","2021-07-26 10:39:43",200,"{""data_failed"":[],""message"":""Success""}","2021-07-26 10:39:59",Update
201245,"2021-07-26 10:39:52","2021-07-26 10:39:55",200,"{""data_failed"":[],""message"":""Success""}","2021-07-26 10:40:08",Update
201246,"2021-07-26 10:39:33","2021-07-26 10:39:37",200,"{""data_failed"":[],""message"":""Success""}","2021-07-26 10:39:47",Update
201247,"2021-07-26 10:39:39","2021-07-26 10:39:42",200,"{""data_failed"":[],""message"":""Success""}","2021-07-26 10:39:49",Update
201248,"2021-07-26 10:39:58","2021-07-26 10:40:01",200,"{""data_failed"":[],""message"":""Success""}","2021-07-26 10:40:11",Update
201249,"2021-07-19 22:29:05","2021-07-19 22:29:07",200,"{""data_failed"":[],""message"":""Success""}","2021-07-19 22:29:22","Battery Power Low (66,0)"
201251,"2021-07-19 17:09:45","2021-07-19 17:09:47",200,"{""data_failed"":[],""message"":""Success""}","2021-07-19 17:10:04","Battery Power Low (66,0)"
201252,"2021-07-05 03:37:24","2021-07-05 03:37:28.362","Api null","Api null","Api null","Battery Power Low (66,5407) (api null)"
201253,"2021-07-26 10:40:43","2021-07-26 10:40:45",200,"{""data_failed"":[],""message"":""Success""}","2021-07-26 10:41:04",Update
201254,"2021-07-26 10:40:40","2021-07-26 10:40:44",200,"{""data_failed"":[],""message"":""Success""}","2021-07-26 10:41:03",Update
201256,"2021-07-15 18:13:19","2021-07-15 18:13:22",200,"{""data_failed"":[],""message"":""Success""}","2021-07-15 18:13:29","Battery Power Low (66,5029)"
201258,"2021-07-26 10:40:31","2021-07-26 10:40:39",200,"{""data_failed"":[],""message"":""Success""}","2021-07-26 10:41:01",Update
201260,"2021-07-26 10:41:09","2021-07-26 10:41:11",200,"{""data_failed"":[],""message"":""Success""}","2021-07-26 10:41:23",Update
201261,"2021-07-26 10:36:23","2021-07-26 10:36:40",200,"{""data_failed"":[],""message"":""Success""}","2021-07-26 10:37:00",Update
201263,"2021-07-26 10:40:25","2021-07-26 10:40:28",200,"{""data_failed"":[],""message"":""Success""}","2021-07-26 10:40:58",Update
201264,"2021-07-26 10:40:10","2021-07-26 10:40:13",200,"{""data_failed"":[],""message"":""Success""}","2021-07-26 10:40:33",Update
201265,"2021-07-26 10:41:06","2021-07-26 10:41:09",200,"{""data_failed"":[],""message"":""Success""}","2021-07-26 10:41:27",Update
201266,"2021-07-26 10:40:43","2021-07-26 10:40:47",200,"{""data_failed"":[],""message"":""Success""}","2021-07-26 10:41:10",Update
201267,"2021-07-26 10:40:54","2021-07-26 10:41:00",200,"{""data_failed"":[],""message"":""Success""}","2021-07-26 10:41:20",Update
201268,"2021-07-21 22:07:40","2021-07-21 22:07:44",200,"{""data_failed"":[],""message"":""Success""}","2021-07-21 22:08:01","Battery Power Low (,0)"
201269,"2021-07-26 10:40:45","2021-07-26 10:40:49",200,"{""data_failed"":[],""message"":""Success""}","2021-07-26 10:41:11",Update
201270,"2021-07-26 10:41:08","2021-07-26 10:41:14",200,"{""data_failed"":[],""message"":""Success""}","2021-07-26 10:41:41",Update
201271,"2021-07-17 12:51:45","2021-07-17 12:51:50",200,"{""data_failed"":[],""message"":""Success""}","2021-07-17 12:51:58","CPU Reset"
201272,"2021-07-26 10:41:08","2021-07-26 10:41:16",200,"{""data_failed"":[],""message"":""Success""}","2021-07-26 10:41:33",Update
202001,"2021-07-26 10:41:15","2021-07-26 10:41:19",200,"{""data_failed"":[],""message"":""Success""}","2021-07-26 10:41:37",Update
202002,"2021-07-26 10:41:35","2021-07-26 10:41:38",200,"{""data_failed"":[],""message"":""Success""}","2021-07-26 10:41:53",Update
202003,"2021-07-26 10:41:45","2021-07-26 10:41:48",200,"{""data_failed"":[],""message"":""Success""}","2021-07-26 10:42:04",Update
202004,"2021-07-26 10:41:21","2021-07-26 10:41:23",200,"{""data_failed"":[],""message"":""Success""}","2021-07-26 10:41:43",Update
202005,"2021-07-26 10:41:36","2021-07-26 10:41:38",200,"{""data_failed"":[],""message"":""Success""}","2021-07-26 10:41:53",Update
202006,"2021-07-26 10:41:09","2021-07-26 10:41:12",200,"{""data_failed"":[],""message"":""Success""}","2021-07-26 10:41:37",Update
202007,"2021-07-26 10:41:08","2021-07-26 10:41:12",200,"{""data_failed"":[],""message"":""Success""}","2021-07-26 10:41:34",Update
202009,"2021-07-26 10:24:55","2021-07-26 10:24:59",200,"{""data_failed"":[],""message"":""Success""}","2021-07-26 10:25:10",Update
202010,"2021-07-26 10:41:29","2021-07-26 10:41:32",200,"{""data_failed"":[],""message"":""Success""}","2021-07-26 10:41:45",Update
202011,"2021-07-26 10:41:03","2021-07-26 10:41:06",200,"{""data_failed"":[],""message"":""Success""}","2021-07-26 10:41:21",Update
202012,"2021-07-26 10:41:09","2021-07-26 10:41:13",200,"{""data_failed"":[],""message"":""Success""}","2021-07-26 10:41:32",Update
202013,"2021-07-26 10:41:20","2021-07-26 10:41:23",200,"{""data_failed"":[],""message"":""Success""}","2021-07-26 10:41:43",Update
202014,"2021-06-14 11:38:08.75","2021-06-14 11:38:11.19","Api null","Api null","Api null","Battery Power Low (66,6012) (api null)"
202015,"2021-07-26 10:42:08","2021-07-26 10:42:11",200,"{""data_failed"":[],""message"":""Success""}","2021-07-26 10:42:27",Update
202016,"2021-07-26 10:40:15","2021-07-26 10:40:36",200,"{""data_failed"":[],""message"":""Success""}","2021-07-26 10:40:57",Update
202017,"2021-07-26 10:36:53","2021-07-26 10:37:31",200,"{""data_failed"":[],""message"":""Success""}","2021-07-26 10:38:50",Update
202018,"2021-07-26 10:41:44","2021-07-26 10:41:48",200,"{""data_failed"":[],""message"":""Success""}","2021-07-26 10:42:06",Update
202019,"2021-07-26 10:41:46","2021-07-26 10:41:49",200,"{""data_failed"":[],""message"":""Success""}","2021-07-26 10:42:07",Update
202020,"2021-07-26 10:41:35","2021-07-26 10:41:38",200,"{""data_failed"":[],""message"":""Success""}","2021-07-26 10:41:55",Update
202021,"2021-07-26 10:41:36","2021-07-26 10:41:41",200,"{""data_failed"":[],""message"":""Success""}","2021-07-26 10:41:55",Update
202022,"2021-07-26 10:41:15","2021-07-26 10:41:18",200,"{""data_failed"":[],""message"":""Success""}","2021-07-26 10:41:33",Update
202023,"2021-07-26 10:42:05","2021-07-26 10:42:07",200,"{""data_failed"":[],""message"":""Success""}","2021-07-26 10:42:14",Update
202024,"2021-07-26 10:41:28","2021-07-26 10:41:31",200,"{""data_failed"":[],""message"":""Success""}","2021-07-26 10:41:43",Update
202025,"2021-07-26 10:33:14","2021-07-26 10:33:27",200,"{""data_failed"":[],""message"":""Success""}","2021-07-26 10:33:37",Update
202026,"2021-07-26 10:41:17","2021-07-26 10:41:20",200,"{""data_failed"":[],""message"":""Success""}","2021-07-26 10:41:36",Update
202027,"2021-07-26 10:41:28","2021-07-26 10:41:31",200,"{""data_failed"":[],""message"":""Success""}","2021-07-26 10:41:45",Update
202028,"2021-07-26 10:41:42","2021-07-26 10:41:44",200,"{""data_failed"":[],""message"":""Success""}","2021-07-26 10:41:57",Update
202029,"2021-07-26 10:42:04","2021-07-26 10:42:08",200,"{""data_failed"":[],""message"":""Success""}","2021-07-26 10:42:25",Update
202030,"2021-07-26 10:41:29","2021-07-26 10:41:32",200,"{""data_failed"":[],""message"":""Success""}","2021-07-26 10:41:46",Update
202032,"2021-07-26 10:41:54","2021-07-26 10:41:57",200,"{""data_failed"":[],""message"":""Success""}","2021-07-26 10:42:14",Update
202033,"2021-07-26 10:41:54","2021-07-26 10:41:57",200,"{""data_failed"":[],""message"":""Success""}","2021-07-26 10:42:17",Update
202035,"2021-07-26 10:42:02","2021-07-26 10:42:06",200,"{""data_failed"":[],""message"":""Success""}","2021-07-26 10:42:20",Update
202036,"2021-07-26 10:41:02","2021-07-26 10:41:09",200,"{""data_failed"":[],""message"":""Success""}","2021-07-26 10:41:23",Update
202037,"2021-07-26 10:38:19","2021-07-26 10:38:57",200,"{""data_failed"":[],""message"":""Success""}","2021-07-26 10:39:20",Update
202038,"2021-07-26 10:41:51","2021-07-26 10:41:54",200,"{""data_failed"":[],""message"":""Success""}","2021-07-26 10:42:06",Update
202039,"2021-07-26 10:41:58","2021-07-26 10:42:00",200,"{""data_failed"":[],""message"":""Success""}","2021-07-26 10:42:19",Update
202040,"2021-07-26 10:41:52","2021-07-26 10:41:58",200,"{""data_failed"":[],""message"":""Success""}","2021-07-26 10:42:14",Update
202041,"2021-07-26 10:41:31","2021-07-26 10:41:34",200,"{""data_failed"":[],""message"":""Success""}","2021-07-26 10:41:53",Update
202042,"2021-07-26 10:41:28","2021-07-26 10:41:31",200,"{""data_failed"":[],""message"":""Success""}","2021-07-26 10:41:45",Update
202043,"2021-07-26 10:41:37","2021-07-26 10:41:40",200,"{""data_failed"":[],""message"":""Success""}","2021-07-26 10:41:56",Update
202044,"2021-07-26 10:41:51","2021-07-26 10:41:54",200,"{""data_failed"":[],""message"":""Success""}","2021-07-26 10:42:05",Update
202045,"2021-07-26 10:42:20","2021-07-26 10:42:23",200,"{""data_failed"":[],""message"":""Success""}","2021-07-26 10:42:35",Update
202046,"2021-07-26 10:42:08","2021-07-26 10:42:10",200,"{""data_failed"":[],""message"":""Success""}","2021-07-26 10:42:28",Update
202047,"2021-07-26 10:42:06","2021-07-26 10:42:09",200,"{""data_failed"":[],""message"":""Success""}","2021-07-26 10:42:26",Update
202048,"2021-07-26 10:39:53","2021-07-26 10:40:27",200,"{""data_failed"":[],""message"":""Success""}","2021-07-26 10:40:41",Update
202049,"2021-07-26 10:41:58","2021-07-26 10:42:01",200,"{""data_failed"":[],""message"":""Success""}","2021-07-26 10:42:17",Update
202050,"2021-07-26 10:42:11","2021-07-26 10:42:14",200,"{""data_failed"":[],""message"":""Success""}","2021-07-26 10:42:29",Update
202051,"2021-07-26 10:42:27","2021-07-26 10:42:29",200,"{""data_failed"":[],""message"":""Success""}","2021-07-26 10:42:36",Update
202052,"2021-07-26 10:41:28","2021-07-26 10:41:31",200,"{""data_failed"":[],""message"":""Success""}","2021-07-26 10:41:45",Update
202053,"2021-07-26 10:40:13","2021-07-26 10:40:35",200,"{""data_failed"":[],""message"":""Success""}","2021-07-26 10:40:55",Update
202054,"2021-07-26 10:42:10","2021-07-26 10:42:13",200,"{""data_failed"":[],""message"":""Success""}","2021-07-26 10:42:27",Update
202055,"2021-07-26 10:37:36","2021-07-26 10:37:38",200,"{""data_failed"":[],""message"":""Success""}","2021-07-26 10:37:56",Update
202056,"2021-07-26 10:41:36","2021-07-26 10:41:39",200,"{""data_failed"":[],""message"":""Success""}","2021-07-26 10:41:53",Update
202057,"2021-07-26 10:41:38","2021-07-26 10:41:40",200,"{""data_failed"":[],""message"":""Success""}","2021-07-26 10:41:54",Update
202059,"2021-07-26 10:40:00","2021-07-26 10:40:07",200,"{""data_failed"":[],""message"":""Success""}","2021-07-26 10:40:19",Update
202060,"2021-07-24 08:49:38","2021-07-24 08:49:42",200,"{""data_failed"":[],""message"":""Success""}","2021-07-24 08:49:56","CPU Reset"
202061,"2021-07-26 10:42:10","2021-07-26 10:42:14",200,"{""data_failed"":[],""message"":""Success""}","2021-07-26 10:42:27",Update
202062,"2021-07-26 10:42:26","2021-07-26 10:42:29",200,"{""data_failed"":[],""message"":""Success""}","2021-07-26 10:42:39",Update
202063,"2021-07-26 10:41:34","2021-07-26 10:41:38",200,"{""data_failed"":[],""message"":""Success""}","2021-07-26 10:41:54",Update
202064,"2021-07-26 10:26:31","2021-07-26 10:26:34",200,"{""data_failed"":[],""message"":""Success""}","2021-07-26 10:26:47",Update
202065,"2021-07-26 10:42:02","2021-07-26 10:42:05",200,"{""data_failed"":[],""message"":""Success""}","2021-07-26 10:42:17",Update
202066,"2021-07-26 10:42:25","2021-07-26 10:42:28",200,"{""data_failed"":[],""message"":""Success""}","2021-07-26 10:42:39",Update
202067,"2021-07-26 10:42:23","2021-07-26 10:42:26",200,"{""data_failed"":[],""message"":""Success""}","2021-07-26 10:42:38",Update
202068,"2021-07-26 10:41:39","2021-07-26 10:41:43",200,"{""data_failed"":[],""message"":""Success""}","2021-07-26 10:41:57",Update
202069,"2021-07-26 10:41:35","2021-07-26 10:41:38",200,"{""data_failed"":[],""message"":""Success""}","2021-07-26 10:41:55",Update
202070,"2021-07-26 10:42:18","2021-07-26 10:42:20",200,"{""data_failed"":[],""message"":""Success""}","2021-07-26 10:42:35",Update
202071,"2021-07-26 10:42:23","2021-07-26 10:42:26",200,"{""data_failed"":[],""message"":""Success""}","2021-07-26 10:42:38",Update
202072,"2021-07-26 10:40:09","2021-07-26 10:40:13",200,"{""data_failed"":[],""message"":""Success""}","2021-07-26 10:40:20",Update
202073,"2021-07-26 10:41:37","2021-07-26 10:41:40",200,"{""data_failed"":[],""message"":""Success""}","2021-07-26 10:41:57",Update
202074,"2021-07-26 10:41:31","2021-07-26 10:41:36",200,"{""data_failed"":[],""message"":""Success""}","2021-07-26 10:41:53",Update
202077,"2021-07-26 10:41:31","2021-07-26 10:41:34",200,"{""data_failed"":[],""message"":""Success""}","2021-07-26 10:41:55",Update
202078,"2021-07-26 10:41:47","2021-07-26 10:41:49",200,"{""data_failed"":[],""message"":""Success""}","2021-07-26 10:42:05",Update
202079,"2021-07-26 10:41:52","2021-07-26 10:41:54",200,"{""data_failed"":[],""message"":""Success""}","2021-07-26 10:42:06",Update
202080,"2021-07-26 10:36:59","2021-07-26 10:37:03",200,"{""data_failed"":[],""message"":""Success""}","2021-07-26 10:37:25",Update
202083,"2021-07-26 10:41:34","2021-07-26 10:41:35",200,"{""data_failed"":[],""message"":""Success""}","2021-07-26 10:41:56",Update
202084,"2021-07-26 10:41:40","2021-07-26 10:41:43",200,"{""data_failed"":[],""message"":""Success""}","2021-07-26 10:41:57",Update
202085,"2021-07-26 10:41:31","2021-07-26 10:41:34",200,"{""data_failed"":[],""message"":""Success""}","2021-07-26 10:41:45",Update
202086,"2021-07-26 10:41:59","2021-07-26 10:42:01",200,"{""data_failed"":[],""message"":""Success""}","2021-07-26 10:42:16",Update
202087,"2021-07-26 10:41:50","2021-07-26 10:41:53",200,"{""data_failed"":[],""message"":""Success""}","2021-07-26 10:42:06",Update
202088,"2021-07-26 10:41:41","2021-07-26 10:41:43",200,"{""data_failed"":[],""message"":""Success""}","2021-07-26 10:41:57",Update
202090,"2021-07-26 10:41:28","2021-07-26 10:41:31",200,"{""data_failed"":[],""message"":""Success""}","2021-07-26 10:41:43",Update
202091,"2021-07-25 19:42:04","2021-07-26 09:30:04",200,"{""data_failed"":[],""message"":""Success""}","2021-07-26 09:30:24",Update
202092,"2021-07-26 10:40:37","2021-07-26 10:40:40",200,"{""data_failed"":[],""message"":""Success""}","2021-07-26 10:41:03",Update
202093,"2021-07-26 09:10:21","2021-07-26 09:10:25",200,"{""data_failed"":[],""message"":""Success""}","2021-07-26 09:10:42",Update
202094,"2021-07-26 10:40:58","2021-07-26 10:41:00",200,"{""data_failed"":[],""message"":""Success""}","2021-07-26 10:41:14",Update
202095,"2021-07-26 10:40:53","2021-07-26 10:40:58",200,"{""data_failed"":[],""message"":""Success""}","2021-07-26 10:41:13",Update
202096,"2021-07-26 10:40:43","2021-07-26 10:40:46",200,"{""data_failed"":[],""message"":""Success""}","2021-07-26 10:41:04",Update
202097,"2021-07-26 10:40:43","2021-07-26 10:40:45",200,"{""data_failed"":[],""message"":""Success""}","2021-07-26 10:41:05",Update
202098,"2021-07-26 10:40:52","2021-07-26 10:40:55",200,"{""data_failed"":[],""message"":""Success""}","2021-07-26 10:41:11",Update
202099,"2021-07-26 10:36:58","2021-07-26 10:37:02",200,"{""data_failed"":[],""message"":""Success""}","2021-07-26 10:37:18",Update
202100,"2021-07-26 10:40:36","2021-07-26 10:40:39",200,"{""data_failed"":[],""message"":""Success""}","2021-07-26 10:41:00",Update
202101,"2021-07-25 19:16:30","2021-07-25 19:16:36",200,"{""data_failed"":[],""message"":""Success""}","2021-07-25 19:16:53","CPU Reset"
202102,"2021-07-26 10:42:13","2021-07-26 10:42:15",200,"{""data_failed"":[],""message"":""Success""}","2021-07-26 10:42:27",Update
202103,"2021-07-26 10:41:56","2021-07-26 10:42:00",200,"{""data_failed"":[],""message"":""Success""}","2021-07-26 10:42:17",Update
202104,"2021-07-26 10:41:37","2021-07-26 10:41:41",200,"{""data_failed"":[],""message"":""Success""}","2021-07-26 10:41:54",Update
202105,"2021-07-26 10:41:49","2021-07-26 10:41:53",200,"{""data_failed"":[],""message"":""Success""}","2021-07-26 10:42:07",Update
202106,"2021-07-26 10:41:43","2021-07-26 10:41:46",200,"{""data_failed"":[],""message"":""Success""}","2021-07-26 10:42:06",Update
202108,"2021-07-26 10:41:39","2021-07-26 10:41:42",200,"{""data_failed"":[],""message"":""Success""}","2021-07-26 10:41:56",Update
202109,"2021-07-26 10:42:18","2021-07-26 10:42:21",200,"{""data_failed"":[],""message"":""Success""}","2021-07-26 10:42:36",Update
202110,"2021-07-26 10:42:25","2021-07-26 10:42:28",200,"{""data_failed"":[],""message"":""Success""}","2021-07-26 10:42:38",Update
202112,"2021-07-26 10:42:01","2021-07-26 10:42:04",200,"{""data_failed"":[],""message"":""Success""}","2021-07-26 10:42:16",Update
202113,"2021-07-26 10:42:11","2021-07-26 10:42:14",200,"{""data_failed"":[],""message"":""Success""}","2021-07-26 10:42:25",Update
202115,"2021-07-26 10:41:41","2021-07-26 10:41:45",200,"{""data_failed"":[],""message"":""Success""}","2021-07-26 10:42:05",Update
202120,"2021-07-26 10:42:33","2021-07-26 10:42:35",200,"{""data_failed"":[],""message"":""Success""}","2021-07-26 10:42:47",Update
202121,"2021-07-26 10:41:17","2021-07-26 10:41:20",200,"{""data_failed"":[],""message"":""Success""}","2021-07-26 10:41:32",Update
202123,"2021-07-26 10:41:36","2021-07-26 10:41:39",200,"{""data_failed"":[],""message"":""Success""}","2021-07-26 10:41:56",Update
202124,"2021-07-26 10:41:49","2021-07-26 10:41:51",200,"{""data_failed"":[],""message"":""Success""}","2021-07-26 10:42:06",Update
202125,"2021-07-26 10:33:51","2021-07-26 10:33:53",200,"{""data_failed"":[],""message"":""Success""}","2021-07-26 10:34:17",Update
202126,"2021-07-26 10:41:44","2021-07-26 10:41:47",200,"{""data_failed"":[],""message"":""Success""}","2021-07-26 10:42:04",Update
202127,"2021-07-26 10:41:19","2021-07-26 10:41:22",200,"{""data_failed"":[],""message"":""Success""}","2021-07-26 10:41:37",Update
202128,"2021-07-26 10:41:17","2021-07-26 10:41:20",200,"{""data_failed"":[],""message"":""Success""}","2021-07-26 10:41:36",Update
202129,"2021-07-26 10:41:27","2021-07-26 10:41:33",200,"{""data_failed"":[],""message"":""Success""}","2021-07-26 10:41:45",Update
202130,"2021-07-26 10:42:00","2021-07-26 10:42:03",200,"{""data_failed"":[],""message"":""Success""}","2021-07-26 10:42:17",Update
202131,"2021-07-26 10:41:38","2021-07-26 10:41:40",200,"{""data_failed"":[],""message"":""Success""}","2021-07-26 10:41:57",Update
202132,"2021-07-26 10:42:21","2021-07-26 10:42:24",200,"{""data_failed"":[],""message"":""Success""}","2021-07-26 10:42:37",Update
202133,"2021-07-26 10:41:36","2021-07-26 10:41:39",200,"{""data_failed"":[],""message"":""Success""}","2021-07-26 10:41:55",Update
202134,"2021-07-08 12:39:04","2021-07-08 12:39:06.679","Api null","Api null","Api null","CPU Reset"
202136,"2021-07-26 10:42:33","2021-07-26 10:42:36",200,"{""data_failed"":[],""message"":""Success""}","2021-07-26 10:42:49",Update
202137,"2021-07-26 10:42:01","2021-07-26 10:42:04",200,"{""data_failed"":[],""message"":""Success""}","2021-07-26 10:42:17",Update
202138,"2021-07-26 10:41:39","2021-07-26 10:41:42",200,"{""data_failed"":[],""message"":""Success""}","2021-07-26 10:41:57",Update
202139,"2021-07-26 10:42:14","2021-07-26 10:42:17",200,"{""data_failed"":[],""message"":""Success""}","2021-07-26 10:42:26",Update
202140,"2021-07-26 10:42:22","2021-07-26 10:42:26",200,"{""data_failed"":[],""message"":""Success""}","2021-07-26 10:42:39",Update
202141,"2021-07-26 10:32:20","2021-07-26 10:32:22",200,"{""data_failed"":[],""message"":""Success""}","2021-07-26 10:33:41",Update
202142,"2021-07-26 10:42:28","2021-07-26 10:42:31",200,"{""data_failed"":[],""message"":""Success""}","2021-07-26 10:42:48",Update
202143,"2021-07-26 01:56:25","2021-07-26 01:58:41",200,"{""data_failed"":[],""message"":""Success""}","2021-07-26 01:59:50",Update
202144,"2021-07-26 08:24:07","2021-07-26 09:26:35",200,"{""data_failed"":[],""message"":""Success""}","2021-07-26 09:26:56",Update
202145,"2021-07-26 10:42:35","2021-07-26 10:42:38",200,"{""data_failed"":[],""message"":""Success""}","2021-07-26 10:42:49",Update
202146,"2021-07-26 10:42:27","2021-07-26 10:42:30",200,"{""data_failed"":[],""message"":""Success""}","2021-07-26 10:42:36",Update
202147,"2021-07-26 10:42:07","2021-07-26 10:42:14",200,"{""data_failed"":[],""message"":""Success""}","2021-07-26 10:42:25",Update
202149,"2021-07-26 10:42:41","2021-07-26 10:42:44",200,"{""data_failed"":[],""message"":""Success""}","2021-07-26 10:42:56",Update
202150,"2021-07-26 10:42:01","2021-07-26 10:42:03",200,"{""data_failed"":[],""message"":""Success""}","2021-07-26 10:42:18",Update
202151,"2021-07-26 10:41:37","2021-07-26 10:41:41",200,"{""data_failed"":[],""message"":""Success""}","2021-07-26 10:41:55",Update
202152,"2021-07-26 10:42:18","2021-07-26 10:42:22",200,"{""data_failed"":[],""message"":""Success""}","2021-07-26 10:42:36",Update
202155,"2021-07-26 10:42:00","2021-07-26 10:42:03",200,"{""data_failed"":[],""message"":""Success""}","2021-07-26 10:42:14",Update
202156,"2021-07-26 10:41:49","2021-07-26 10:41:52",200,"{""data_failed"":[],""message"":""Success""}","2021-07-26 10:42:07",Update
202157,"2021-07-26 10:42:12","2021-07-26 10:42:15",200,"{""data_failed"":[],""message"":""Success""}","2021-07-26 10:42:27",Update
202160,"2021-07-26 10:42:21","2021-07-26 10:42:24",200,"{""data_failed"":[],""message"":""Success""}","2021-07-26 10:42:38",Update
202161,"2021-07-26 10:42:42","2021-07-26 10:42:44",200,"{""data_failed"":[],""message"":""Success""}","2021-07-26 10:42:58",Update
202165,"2021-07-26 10:42:33","2021-07-26 10:42:36",200,"{""data_failed"":[],""message"":""Success""}","2021-07-26 10:42:49",Update
202166,"2021-07-25 10:12:36","2021-07-25 10:12:38",200,"{""data_failed"":[],""message"":""Success""}","2021-07-25 10:12:55","Battery Power Low (66,3)"
202168,"2021-07-26 10:00:55","2021-07-26 10:00:57",200,"{""data_failed"":[],""message"":""Success""}","2021-07-26 10:01:11",Update
202169,"2021-07-26 10:43:06","2021-07-26 10:43:08",null,null,null,"Temp Error (72,3000)"
202170,"2021-07-26 10:43:20","2021-07-26 10:43:23",200,"{""data_failed"":[],""message"":""Success""}","2021-07-26 10:43:40",Update
202172,"2021-07-26 10:42:28","2021-07-26 10:42:31",200,"{""data_failed"":[],""message"":""Success""}","2021-07-26 10:42:49",Update
202173,"2021-07-26 10:42:51","2021-07-26 10:42:54",200,"{""data_failed"":[],""message"":""Success""}","2021-07-26 10:43:08",Update
202174,"2021-07-26 10:43:09","2021-07-26 10:43:11",200,"{""data_failed"":[],""message"":""Success""}","2021-07-26 10:43:20",Update
202175,"2021-07-26 10:43:03","2021-07-26 10:43:07",200,"{""data_failed"":[],""message"":""Success""}","2021-07-26 10:43:18",Update
202178,"2021-07-26 10:42:38","2021-07-26 10:42:41",200,"{""data_failed"":[],""message"":""Success""}","2021-07-26 10:42:50",Update
202179,"2021-07-26 10:42:27","2021-07-26 10:42:30",200,"{""data_failed"":[],""message"":""Success""}","2021-07-26 10:42:45",Update
202180,"2021-07-26 10:42:42","2021-07-26 10:42:45",200,"{""data_failed"":[],""message"":""Success""}","2021-07-26 10:42:59",Update
202181,"2021-07-26 10:43:19","2021-07-26 10:43:23",200,"{""data_failed"":[],""message"":""Success""}","2021-07-26 10:43:43",Update
202182,"2021-07-26 10:43:15","2021-07-26 10:43:18",200,"{""data_failed"":[],""message"":""Success""}","2021-07-26 10:43:39",Update
202183,"2021-07-26 10:42:40","2021-07-26 10:42:46",200,"{""data_failed"":[],""message"":""Success""}","2021-07-26 10:42:56",Update
202184,"2021-07-26 10:42:29","2021-07-26 10:42:32",200,"{""data_failed"":[],""message"":""Success""}","2021-07-26 10:42:48",Update
202185,"2021-07-26 10:43:18","2021-07-26 10:43:21",200,"{""data_failed"":[],""message"":""Success""}","2021-07-26 10:43:42",Update
202187,"2021-07-26 10:42:50","2021-07-26 10:42:52",200,"{""data_failed"":[],""message"":""Success""}","2021-07-26 10:42:59",Update
202188,"2021-07-26 10:42:32","2021-07-26 10:42:35",200,"{""data_failed"":[],""message"":""Success""}","2021-07-26 10:42:49",Update
202189,"2021-07-26 10:43:09","2021-07-26 10:43:11",200,"{""data_failed"":[],""message"":""Success""}","2021-07-26 10:43:20",Update
202190,"2021-07-26 10:43:05","2021-07-26 10:43:08",200,"{""data_failed"":[],""message"":""Success""}","2021-07-26 10:43:18",Update
202193,"2021-07-26 10:43:04","2021-07-26 10:43:07",200,"{""data_failed"":[],""message"":""Success""}","2021-07-26 10:43:20",Update
202195,"2021-07-23 06:30:44","2021-07-23 06:32:54",null,null,null,"Temp Error (72,3000)"
202196,"2021-07-26 10:43:38","2021-07-26 10:43:41",200,"{""data_failed"":[],""message"":""Success""}","2021-07-26 10:44:04",Update
202197,"2021-07-26 10:42:31","2021-07-26 10:42:34",200,"{""data_failed"":[],""message"":""Success""}","2021-07-26 10:42:47",Update
202198,"2021-07-26 10:43:47","2021-07-26 10:43:49",200,"{""data_failed"":[],""message"":""Success""}","2021-07-26 10:44:05",Update
202199,"2021-07-26 10:44:08","2021-07-26 10:44:16",200,"{""data_failed"":[],""message"":""Success""}","2021-07-26 10:44:33",Update
202200,"2021-07-26 10:42:32","2021-07-26 10:42:35",200,"{""data_failed"":[],""message"":""Success""}","2021-07-26 10:42:48",Update
202201,"2021-07-26 10:43:37","2021-07-26 10:43:40",200,"{""data_failed"":[],""message"":""Success""}","2021-07-26 10:44:01",Update
202203,"2021-07-26 10:44:05","2021-07-26 10:44:08",200,"{""data_failed"":[],""message"":""Success""}","2021-07-26 10:44:24",Update
202204,"2021-07-26 10:44:05","2021-07-26 10:44:08",200,"{""data_failed"":[],""message"":""Success""}","2021-07-26 10:44:25",Update
202205,"2021-07-26 10:44:01","2021-07-26 10:44:03",200,"{""data_failed"":[],""message"":""Success""}","2021-07-26 10:44:22",Update
202206,"2021-07-26 10:43:29","2021-07-26 10:43:32",200,"{""data_failed"":[],""message"":""Success""}","2021-07-26 10:43:51",Update
202207,"2021-07-26 10:43:57","2021-07-26 10:44:00",200,"{""data_failed"":[],""message"":""Success""}","2021-07-26 10:44:12",Update
202208,"2021-07-26 10:43:27","2021-07-26 10:43:30",200,"{""data_failed"":[],""message"":""Success""}","2021-07-26 10:43:49",Update
202209,"2021-07-26 10:43:32","2021-07-26 10:43:35",200,"{""data_failed"":[],""message"":""Success""}","2021-07-26 10:43:53",Update
202210,"2021-07-26 10:43:44","2021-07-26 10:43:46",200,"{""data_failed"":[],""message"":""Success""}","2021-07-26 10:44:03",Update
202211,"2021-06-30 16:13:41","2021-06-30 16:13:43.903","Api null","Api null","Api null","CPU Reset"
202212,"2021-07-15 07:01:37","2021-07-15 07:01:39",200,"{""data_failed"":[],""message"":""Success""}","2021-07-15 07:01:47","CPU Reset"
202213,"2021-07-26 10:44:17","2021-07-26 10:44:20",200,"{""data_failed"":[],""message"":""Success""}","2021-07-26 10:44:32",Update
202214,"2021-07-26 10:44:24","2021-07-26 10:44:26",200,"{""data_failed"":[],""message"":""Success""}","2021-07-26 10:44:44",Update
202215,"2021-07-26 10:43:55","2021-07-26 10:43:57",200,"{""data_failed"":[],""message"":""Success""}","2021-07-26 10:44:13",Update
202217,"2021-05-31 08:47:00","2021-05-31 08:47:05.462","Api null","Api null","Api null","CPU Reset"
202218,"2021-07-26 10:45:37","2021-07-26 10:46:06",200,"{""data_failed"":[],""message"":""Success""}","2021-07-26 10:46:20",Update
202220,"2021-07-11 04:37:14","2021-07-11 04:37:17.857","Api null","Api null","Api null","Battery Power Low (66,5616) (api null)"
202221,"2021-07-26 09:53:18","2021-07-26 09:53:20",200,"{""data_failed"":[],""message"":""Success""}","2021-07-26 09:53:36",Update
202222,"2021-07-26 10:45:41","2021-07-26 10:45:45",200,"{""data_failed"":[],""message"":""Success""}","2021-07-26 10:45:57",Update
202223,"2021-07-26 10:46:16","2021-07-26 10:46:19",200,"{""data_failed"":[],""message"":""Success""}","2021-07-26 10:46:30",Update
202224,"2021-07-26 10:45:32","2021-07-26 10:45:36",200,"{""data_failed"":[],""message"":""Success""}","2021-07-26 10:45:47",Update
202225,"2021-07-26 10:45:47","2021-07-26 10:45:49",200,"{""data_failed"":[],""message"":""Success""}","2021-07-26 10:46:00",Update
202226,"2021-07-26 10:46:09","2021-07-26 10:46:12",200,"{""data_failed"":[],""message"":""Success""}","2021-07-26 10:46:28",Update
202227,"2021-05-19 20:06:49","2021-05-19 20:07:10.04","Api null","Api null","Api null","CPU Reset"
202228,"2021-07-26 10:46:44","2021-07-26 10:46:47",200,"{""data_failed"":[],""message"":""Success""}","2021-07-26 10:47:02",Update
202229,"2021-07-26 10:46:51","2021-07-26 10:46:54",200,"{""data_failed"":[],""message"":""Success""}","2021-07-26 10:47:04",Update
202231,"2021-07-26 10:47:05","2021-07-26 10:47:07",200,"{""data_failed"":[],""message"":""Success""}","2021-07-26 10:47:21",Update
202233,"2021-07-26 10:46:12","2021-07-26 10:46:15",200,"{""data_failed"":[],""message"":""Success""}","2021-07-26 10:46:30",Update
202234,"2021-07-26 10:46:22","2021-07-26 10:46:25",200,"{""data_failed"":[],""message"":""Success""}","2021-07-26 10:46:40",Update
202235,"2021-07-25 16:59:28","2021-07-25 16:59:31",200,"{""data_failed"":[],""message"":""Success""}","2021-07-25 16:59:52","CPU Reset"
202236,"2021-07-26 10:46:41","2021-07-26 10:46:44",200,"{""data_failed"":[],""message"":""Success""}","2021-07-26 10:46:54",Update
202237,"2021-07-26 10:47:30","2021-07-26 10:47:34",null,null,null,"Temp Error (72,3000)"
202238,"2021-07-26 10:47:24","2021-07-26 10:47:26",200,"{""data_failed"":[],""message"":""Success""}","2021-07-26 10:47:43",Update
202239,"2021-07-26 10:47:08","2021-07-26 10:47:11",200,"{""data_failed"":[],""message"":""Success""}","2021-07-26 10:47:30",Update
202240,"2021-07-26 10:47:40","2021-07-26 10:47:43",200,"{""data_failed"":[],""message"":""Success""}","2021-07-26 10:48:02",Update
202241,"2021-07-26 10:47:12","2021-07-26 10:47:14",200,"{""data_failed"":[],""message"":""Success""}","2021-07-26 10:47:35",Update
202242,"2021-07-26 10:47:26","2021-07-26 10:47:29",200,"{""data_failed"":[],""message"":""Success""}","2021-07-26 10:47:45",Update
202243,"2021-07-26 09:42:48","2021-07-26 09:45:16",200,"{""data_failed"":[],""message"":""Success""}","2021-07-26 09:45:35",Update
202244,"2021-07-26 10:47:33","2021-07-26 10:47:37",200,"{""data_failed"":[],""message"":""Success""}","2021-07-26 10:47:51",Update
202245,"2021-07-26 10:47:10","2021-07-26 10:47:13",200,"{""data_failed"":[],""message"":""Success""}","2021-07-26 10:47:32",Update
202246,"2021-07-26 10:47:23","2021-07-26 10:47:25",200,"{""data_failed"":[],""message"":""Success""}","2021-07-26 10:47:44",Update
202247,"2021-07-26 10:47:18","2021-07-26 10:47:20",200,"{""data_failed"":[],""message"":""Success""}","2021-07-26 10:47:40",Update
202248,"2021-07-26 10:47:20","2021-07-26 10:47:23",200,"{""data_failed"":[],""message"":""Success""}","2021-07-26 10:47:42",Update
202249,"2021-07-26 10:47:13","2021-07-26 10:47:16",200,"{""data_failed"":[],""message"":""Success""}","2021-07-26 10:47:36",Update
202250,"2021-07-26 10:46:50","2021-07-26 10:46:53",200,"{""data_failed"":[],""message"":""Success""}","2021-07-26 10:47:00",Update
202251,"2021-07-26 10:47:12","2021-07-26 10:47:14",200,"{""data_failed"":[],""message"":""Success""}","2021-07-26 10:47:33",Update
202252,"2021-07-26 10:47:32","2021-07-26 10:47:35",200,"{""data_failed"":[],""message"":""Success""}","2021-07-26 10:47:52",Update
202253,"2021-07-26 10:47:07","2021-07-26 10:47:10",200,"{""data_failed"":[],""message"":""Success""}","2021-07-26 10:47:31",Update
202254,"2021-07-26 10:47:10","2021-07-26 10:47:33",200,"{""data_failed"":[],""message"":""Success""}","2021-07-26 10:47:51",Update
202255,"2021-07-26 10:46:59","2021-07-26 10:47:02",200,"{""data_failed"":[],""message"":""Success""}","2021-07-26 10:47:21",Update
202256,"2021-07-26 10:46:13","2021-07-26 10:46:19",200,"{""data_failed"":[],""message"":""Success""}","2021-07-26 10:46:32",Update
202257,"2021-07-26 10:46:11","2021-07-26 10:46:24",200,"{""data_failed"":[],""message"":""Success""}","2021-07-26 10:46:31",Update
202258,"2021-07-26 10:47:17","2021-07-26 10:47:20",200,"{""data_failed"":[],""message"":""Success""}","2021-07-26 10:47:35",Update
202260,"2021-07-26 10:46:52","2021-07-26 10:46:54",200,"{""data_failed"":[],""message"":""Success""}","2021-07-26 10:47:01",Update
202262,"2021-07-26 10:47:00","2021-07-26 10:47:02",200,"{""data_failed"":[],""message"":""Success""}","2021-07-26 10:47:22",Update
202264,"2021-07-26 10:30:19","2021-07-26 10:30:23",200,"{""data_failed"":[],""message"":""Success""}","2021-07-26 10:30:42",Update
202265,"2021-07-26 10:46:53","2021-07-26 10:46:55",200,"{""data_failed"":[],""message"":""Success""}","2021-07-26 10:47:03",Update
202266,"2021-07-26 10:46:55","2021-07-26 10:47:03",200,"{""data_failed"":[],""message"":""Success""}","2021-07-26 10:47:20",Update
202267,"2021-07-05 13:26:31","2021-07-05 13:26:34.649","Api null","Api null","Api null","CPU Reset"
202268,"2021-07-26 10:47:48","2021-07-26 10:47:51",200,"{""data_failed"":[],""message"":""Success""}","2021-07-26 10:48:04",Update
202270,"2021-07-26 10:47:17","2021-07-26 10:47:21",200,"{""data_failed"":[],""message"":""Success""}","2021-07-26 10:47:40",Update
202272,"2021-07-26 10:47:28","2021-07-26 10:47:31",200,"{""data_failed"":[],""message"":""Success""}","2021-07-26 10:47:52",Update
202273,"2021-07-26 10:47:33","2021-07-26 10:47:37",200,"{""data_failed"":[],""message"":""Success""}","2021-07-26 10:47:54",Update
202274,"2021-07-26 09:54:54","2021-07-26 09:54:57",200,"{""data_failed"":[],""message"":""Success""}","2021-07-26 09:55:06",Update
202275,"2021-07-26 10:47:01","2021-07-26 10:47:03",200,"{""data_failed"":[],""message"":""Success""}","2021-07-26 10:47:23",Update
202276,"2021-07-26 10:46:55","2021-07-26 10:46:59",200,"{""data_failed"":[],""message"":""Success""}","2021-07-26 10:47:22",Update
202277,"2021-07-26 10:47:49","2021-07-26 10:47:51",200,"{""data_failed"":[],""message"":""Success""}","2021-07-26 10:48:07",Update
202278,"2021-07-26 10:47:16","2021-07-26 10:47:20",200,"{""data_failed"":[],""message"":""Success""}","2021-07-26 10:47:31",Update
202279,"2021-07-26 10:47:26","2021-07-26 10:47:34",200,"{""data_failed"":[],""message"":""Success""}","2021-07-26 10:47:51",Update
202280,"2021-07-26 10:47:43","2021-07-26 10:47:47",200,"{""data_failed"":[],""message"":""Success""}","2021-07-26 10:48:02",Update
202281,"2021-07-26 10:47:27","2021-07-26 10:47:29",200,"{""data_failed"":[],""message"":""Success""}","2021-07-26 10:47:43",Update
202282,"2021-07-26 10:47:12","2021-07-26 10:47:15",200,"{""data_failed"":[],""message"":""Success""}","2021-07-26 10:47:30",Update
202283,"2021-07-26 10:46:37","2021-07-26 10:46:40",200,"{""data_failed"":[],""message"":""Success""}","2021-07-26 10:46:53",Update
202285,"2021-07-26 10:46:57","2021-07-26 10:47:01",200,"{""data_failed"":[],""message"":""Success""}","2021-07-26 10:47:21",Update
202286,"2021-07-26 10:46:50","2021-07-26 10:46:53",200,"{""data_failed"":[],""message"":""Success""}","2021-07-26 10:47:04",Update
202287,"2021-07-26 10:47:18","2021-07-26 10:47:20",200,"{""data_failed"":[],""message"":""Success""}","2021-07-26 10:47:40",Update
202289,"2021-07-26 10:46:43","2021-07-26 10:46:46",200,"{""data_failed"":[],""message"":""Success""}","2021-07-26 10:47:01",Update
202290,"2021-07-26 10:47:34","2021-07-26 10:47:38",200,"{""data_failed"":[],""message"":""Success""}","2021-07-26 10:47:52",Update
202291,"2021-07-26 10:47:35","2021-07-26 10:47:38",200,"{""data_failed"":[],""message"":""Success""}","2021-07-26 10:47:54",Update
202292,"2021-07-26 10:47:17","2021-07-26 10:47:19",200,"{""data_failed"":[],""message"":""Success""}","2021-07-26 10:47:30",Update
202293,"2021-06-02 16:00:12","2021-06-02 16:00:15.04","Api null","Api null","Api null","Battery Power Low (66,2916) (api null)"
202294,"2021-07-26 10:47:28","2021-07-26 10:47:31",200,"{""data_failed"":[],""message"":""Success""}","2021-07-26 10:47:53",Update
202295,"2021-07-26 05:26:52","2021-07-26 10:46:41",200,"{""data_failed"":[],""message"":""Success""}","2021-07-26 10:46:54",Update
202297,"2021-07-26 10:47:33","2021-07-26 10:47:36",200,"{""data_failed"":[],""message"":""Success""}","2021-07-26 10:47:54",Update
202298,"2021-07-25 21:10:31","2021-07-25 21:10:35",200,"{""data_failed"":[],""message"":""Success""}","2021-07-25 21:10:49","CPU Reset"
202299,"2021-07-26 10:47:51","2021-07-26 10:47:55",200,"{""data_failed"":[],""message"":""Success""}","2021-07-26 10:48:13",Update
202301,"2021-07-26 10:47:54","2021-07-26 10:48:00",200,"{""data_failed"":[],""message"":""Success""}","2021-07-26 10:48:15",Update
202302,"2021-07-26 10:47:33","2021-07-26 10:47:37",200,"{""data_failed"":[],""message"":""Success""}","2021-07-26 10:47:52",Update
202303,"2021-07-26 10:47:10","2021-07-26 10:47:14",200,"{""data_failed"":[],""message"":""Success""}","2021-07-26 10:47:30",Update
202304,"2021-07-26 10:45:57","2021-07-26 10:46:02",200,"{""data_failed"":[],""message"":""Success""}","2021-07-26 10:46:17",Update
202307,"2021-07-26 10:47:43","2021-07-26 10:47:48",200,"{""data_failed"":[],""message"":""Success""}","2021-07-26 10:48:03",Update
202309,"2021-07-26 10:47:43","2021-07-26 10:47:46",200,"{""data_failed"":[],""message"":""Success""}","2021-07-26 10:48:06",Update
202310,"2021-07-26 10:47:51","2021-07-26 10:48:01",200,"{""data_failed"":[],""message"":""Success""}","2021-07-26 10:48:14",Update
202311,"2021-07-26 10:48:06","2021-07-26 10:48:10",200,"{""data_failed"":[],""message"":""Success""}","2021-07-26 10:48:29",Update
202312,"2021-07-26 10:47:46","2021-07-26 10:47:48",200,"{""data_failed"":[],""message"":""Success""}","2021-07-26 10:48:05",Update
202313,"2021-07-26 10:47:17","2021-07-26 10:47:20",200,"{""data_failed"":[],""message"":""Success""}","2021-07-26 10:47:35",Update
202315,"2021-07-26 10:48:02","2021-07-26 10:48:05",200,"{""data_failed"":[],""message"":""Success""}","2021-07-26 10:48:28",Update
202316,"2021-07-26 10:47:51","2021-07-26 10:47:56",200,"{""data_failed"":[],""message"":""Success""}","2021-07-26 10:48:15",Update
202317,"2021-07-26 10:46:37","2021-07-26 10:46:39",200,"{""data_failed"":[],""message"":""Success""}","2021-07-26 10:46:52",Update
202318,"2021-07-26 10:47:19","2021-07-26 10:47:23",200,"{""data_failed"":[],""message"":""Success""}","2021-07-26 10:47:42",Update
202319,"2021-07-26 10:47:05","2021-07-26 10:48:12",200,"{""data_failed"":[],""message"":""Success""}","2021-07-26 10:48:27",Update
202320,"2021-07-26 10:48:06","2021-07-26 10:48:11",200,"{""data_failed"":[],""message"":""Success""}","2021-07-26 10:48:29",Update
202321,"2021-07-26 10:47:59","2021-07-26 10:48:03",200,"{""data_failed"":[],""message"":""Success""}","2021-07-26 10:48:14",Update
202322,"2021-07-26 10:47:44","2021-07-26 10:47:47",200,"{""data_failed"":[],""message"":""Success""}","2021-07-26 10:48:02",Update
202323,"2021-07-26 10:47:20","2021-07-26 10:47:24",200,"{""data_failed"":[],""message"":""Success""}","2021-07-26 10:47:40",Update
202324,"2021-07-26 10:47:09","2021-07-26 10:47:14",200,"{""data_failed"":[],""message"":""Success""}","2021-07-26 10:47:32",Update
202325,"2021-07-26 10:47:25","2021-07-26 10:47:28",200,"{""data_failed"":[],""message"":""Success""}","2021-07-26 10:47:45",Update
202326,"2021-07-26 10:36:02","2021-07-26 10:36:06",200,"{""data_failed"":[],""message"":""Success""}","2021-07-26 10:36:22",Update
202327,"2021-07-26 10:48:05","2021-07-26 10:48:09",200,"{""data_failed"":[],""message"":""Success""}","2021-07-26 10:48:27",Update
202328,"2021-07-26 10:47:20","2021-07-26 10:47:23",200,"{""data_failed"":[],""message"":""Success""}","2021-07-26 10:47:41",Update
202329,"2021-07-26 10:47:20","2021-07-26 10:47:23",200,"{""data_failed"":[],""message"":""Success""}","2021-07-26 10:47:43",Update
202330,"2021-07-26 10:47:35","2021-07-26 10:47:38",200,"{""data_failed"":[],""message"":""Success""}","2021-07-26 10:47:52",Update
202331,"2021-07-26 10:47:49","2021-07-26 10:47:54",200,"{""data_failed"":[],""message"":""Success""}","2021-07-26 10:48:13",Update
202332,"2021-07-26 10:47:50","2021-07-26 10:47:55",200,"{""data_failed"":[],""message"":""Success""}","2021-07-26 10:48:15",Update
202333,"2021-07-26 10:48:09","2021-07-26 10:48:11",200,"{""data_failed"":[],""message"":""Success""}","2021-07-26 10:48:25",Update
202334,"2021-07-26 10:47:55","2021-07-26 10:48:00",200,"{""data_failed"":[],""message"":""Success""}","2021-07-26 10:48:16",Update
202335,"2021-07-26 10:47:25","2021-07-26 10:47:28",200,"{""data_failed"":[],""message"":""Success""}","2021-07-26 10:47:43",Update
202336,"2021-07-26 10:47:42","2021-07-26 10:47:47",200,"{""data_failed"":[],""message"":""Success""}","2021-07-26 10:48:06",Update
202337,"2021-07-26 10:47:29","2021-07-26 10:47:34",200,"{""data_failed"":[],""message"":""Success""}","2021-07-26 10:47:53",Update
202338,"2021-07-26 10:47:31","2021-07-26 10:47:34",200,"{""data_failed"":[],""message"":""Success""}","2021-07-26 10:47:54",Update
202339,"2021-07-26 10:47:14","2021-07-26 10:47:18",200,"{""data_failed"":[],""message"":""Success""}","2021-07-26 10:47:33",Update
202340,"2021-07-26 10:47:40","2021-07-26 10:47:45",200,"{""data_failed"":[],""message"":""Success""}","2021-07-26 10:48:01",Update
202341,"2021-07-26 10:47:15","2021-07-26 10:47:17",200,"{""data_failed"":[],""message"":""Success""}","2021-07-26 10:47:31",Update
202342,"2021-07-26 10:47:22","2021-07-26 10:47:25",200,"{""data_failed"":[],""message"":""Success""}","2021-07-26 10:47:42",Update
202343,"2021-07-26 10:43:49","2021-07-26 10:44:03",200,"{""data_failed"":[],""message"":""Success""}","2021-07-26 10:44:21",Update
202345,"2021-07-26 10:46:28","2021-07-26 10:46:33",200,"{""data_failed"":[],""message"":""Success""}","2021-07-26 10:46:42",Update
202346,"2021-07-26 10:47:23","2021-07-26 10:47:28",200,"{""data_failed"":[],""message"":""Success""}","2021-07-26 10:47:44",Update
202347,"2021-07-22 22:09:32","2021-07-22 22:09:37",200,"{""data_failed"":[],""message"":""Success""}","2021-07-22 22:09:52","CPU Reset"
202348,"2021-06-05 19:58:48","2021-06-05 20:55:59.451","Api null","Api null","Api null","Battery Power Low (66,5417) (api null)"
202349,"2021-07-26 10:47:39","2021-07-26 10:47:42",200,"{""data_failed"":[],""message"":""Success""}","2021-07-26 10:48:54",Update
202350,"2021-07-26 10:47:41","2021-07-26 10:47:48",200,"{""data_failed"":[],""message"":""Success""}","2021-07-26 10:48:55",Update
202351,"2021-07-26 10:47:36","2021-07-26 10:47:40",200,"{""data_failed"":[],""message"":""Success""}","2021-07-26 10:48:10",Update
202352,"2021-07-26 10:48:25","2021-07-26 10:48:28",200,"{""data_failed"":[],""message"":""Success""}","2021-07-26 10:48:46",Update
202353,"2021-07-26 10:48:11","2021-07-26 10:48:14",200,"{""data_failed"":[],""message"":""Success""}","2021-07-26 10:48:28",Update
202354,"2021-07-26 10:48:30","2021-07-26 10:48:34",200,"{""data_failed"":[],""message"":""Success""}","2021-07-26 10:48:47",Update
202355,"2021-07-26 10:24:19","2021-07-26 10:24:23",200,"{""data_failed"":[],""message"":""Success""}","2021-07-26 10:24:40",Update
202356,"2021-07-26 09:31:54","2021-07-26 09:31:57",200,"{""data_failed"":[],""message"":""Success""}","2021-07-26 09:32:06",Update
202357,"2021-07-26 10:48:07","2021-07-26 10:48:11",200,"{""data_failed"":[],""message"":""Success""}","2021-07-26 10:48:26",Update
202358,"2021-07-26 10:48:28","2021-07-26 10:48:32",200,"{""data_failed"":[],""message"":""Success""}","2021-07-26 10:48:47",Update
202359,"2021-07-26 10:48:09","2021-07-26 10:48:19",200,"{""data_failed"":[],""message"":""Success""}","2021-07-26 10:48:34",Update
202360,"2021-07-26 10:48:51","2021-07-26 10:48:54",null,null,null,"Temp Error (72,3000)"
202361,"2021-07-26 10:49:13","2021-07-26 10:49:16",200,"{""data_failed"":[],""message"":""Success""}","2021-07-26 10:49:27",Update
202362,"2021-07-26 10:45:39","2021-07-26 10:45:51",200,"{""data_failed"":[],""message"":""Success""}","2021-07-26 10:46:06",Update
202363,"2021-07-26 10:48:43","2021-07-26 10:48:45",200,"{""data_failed"":[],""message"":""Success""}","2021-07-26 10:48:59",Update
202364,"2021-07-24 17:00:47","2021-07-24 17:00:51",200,"{""data_failed"":[],""message"":""Success""}","2021-07-24 17:01:02","CPU Reset"
202365,"2021-07-26 10:48:38","2021-07-26 10:48:42",200,"{""data_failed"":[],""message"":""Success""}","2021-07-26 10:48:56",Update
202366,"2021-07-26 10:49:02","2021-07-26 10:49:06",200,"{""data_failed"":[],""message"":""Success""}","2021-07-26 10:49:18",Update
202367,"2021-07-26 10:46:14","2021-07-26 10:46:55",200,"{""data_failed"":[],""message"":""Success""}","2021-07-26 10:47:08",Update
202368,"2021-07-26 10:48:30","2021-07-26 10:48:33",200,"{""data_failed"":[],""message"":""Success""}","2021-07-26 10:48:45",Update
202369,"2021-07-26 10:48:46","2021-07-26 10:48:48",200,"{""data_failed"":[],""message"":""Success""}","2021-07-26 10:49:06",Update
202370,"2021-07-26 10:49:03","2021-07-26 10:49:06",200,"{""data_failed"":[],""message"":""Success""}","2021-07-26 10:49:20",Update
202371,"2021-07-26 10:49:10","2021-07-26 10:49:14",200,"{""data_failed"":[],""message"":""Success""}","2021-07-26 10:49:28",Update
202372,"2021-07-26 10:48:20","2021-07-26 10:48:23",200,"{""data_failed"":[],""message"":""Success""}","2021-07-26 10:49:03",Update
202373,"2021-07-26 10:48:27","2021-07-26 10:48:30",200,"{""data_failed"":[],""message"":""Success""}","2021-07-26 10:49:04",Update
202374,"2021-07-26 10:49:10","2021-07-26 10:49:16",200,"{""data_failed"":[],""message"":""Success""}","2021-07-26 10:49:29",Update
202375,"2021-07-26 10:48:34","2021-07-26 10:48:37",200,"{""data_failed"":[],""message"":""Success""}","2021-07-26 10:49:08",Update
202376,"2021-07-26 10:48:38","2021-07-26 10:48:42",200,"{""data_failed"":[],""message"":""Success""}","2021-07-26 10:49:08",Update
202377,"2021-07-26 10:49:34","2021-07-26 10:49:40",null,null,null,"Temp Error (72,3000)"
202378,"2021-07-26 10:49:06","2021-07-26 10:49:10",200,"{""data_failed"":[],""message"":""Success""}","2021-07-26 10:49:26",Update
202379,"2021-07-26 10:49:48","2021-07-26 10:49:50",200,"{""data_failed"":[],""message"":""Success""}","2021-07-26 10:49:59",Update
202380,"2021-07-26 10:49:20","2021-07-26 10:49:22",200,"{""data_failed"":[],""message"":""Success""}","2021-07-26 10:49:38",Update
202381,"2021-07-26 10:49:03","2021-07-26 10:49:07",200,"{""data_failed"":[],""message"":""Success""}","2021-07-26 10:49:21",Update
202382,"2021-07-26 10:49:59","2021-07-26 10:50:01",200,"{""data_failed"":[],""message"":""Success""}","2021-07-26 10:50:11",Update
202383,"2021-07-26 10:49:23","2021-07-26 10:49:27",200,"{""data_failed"":[],""message"":""Success""}","2021-07-26 10:49:37",Update
202384,"2021-07-26 10:49:06","2021-07-26 10:49:39",200,"{""data_failed"":[],""message"":""Success""}","2021-07-26 10:49:47",Update
202385,"2021-07-26 10:50:09","2021-07-26 10:50:13",null,null,null,"Temp Error (72,3000)"
202386,"2021-07-26 10:49:44","2021-07-26 10:49:47",200,"{""data_failed"":[],""message"":""Success""}","2021-07-26 10:50:02",Update
202387,"2021-07-26 10:50:02","2021-07-26 10:50:23",200,"{""data_failed"":[],""message"":""Success""}","2021-07-26 10:50:47",Update
202388,"2021-07-26 10:50:31","2021-07-26 10:50:35",200,"{""data_failed"":[],""message"":""Success""}","2021-07-26 10:50:50",Update
202389,"2021-07-26 10:50:13","2021-07-26 10:50:16",200,"{""data_failed"":[],""message"":""Success""}","2021-07-26 10:50:47",Update
202390,"2021-07-26 10:50:00","2021-07-26 10:50:04",200,"{""data_failed"":[],""message"":""Success""}","2021-07-26 10:50:17",Update
202391,"2021-07-26 10:50:04","2021-07-26 10:50:08",200,"{""data_failed"":[],""message"":""Success""}","2021-07-26 10:50:20",Update
202392,"2021-07-26 10:49:43","2021-07-26 10:49:46",200,"{""data_failed"":[],""message"":""Success""}","2021-07-26 10:49:57",Update
202393,"2021-07-26 10:49:59","2021-07-26 10:50:04",200,"{""data_failed"":[],""message"":""Success""}","2021-07-26 10:50:19",Update
202394,"2021-07-26 10:50:34","2021-07-26 10:50:38",200,"{""data_failed"":[],""message"":""Success""}","2021-07-26 10:50:50",Update
202395,"2021-07-26 10:50:13","2021-07-26 10:50:17",200,"{""data_failed"":[],""message"":""Success""}","2021-07-26 10:50:39",Update
202397,"2021-07-26 08:57:47","2021-07-26 08:58:02",200,"{""data_failed"":[],""message"":""Success""}","2021-07-26 08:58:30",Update
202398,"2021-07-26 10:50:24","2021-07-26 10:50:26",200,"{""data_failed"":[],""message"":""Success""}","2021-07-26 10:50:42",Update
202399,"2021-07-26 10:50:11","2021-07-26 10:50:15",200,"{""data_failed"":[],""message"":""Success""}","2021-07-26 10:50:29",Update
202400,"2021-07-26 10:49:55","2021-07-26 10:49:58",200,"{""data_failed"":[],""message"":""Success""}","2021-07-26 10:50:08",Update
202401,"2021-07-26 09:53:30","2021-07-26 09:53:35",200,"{""data_failed"":[],""message"":""Success""}","2021-07-26 09:53:51",Update
202402,"2021-07-26 10:50:15","2021-07-26 10:50:18",200,"{""data_failed"":[],""message"":""Success""}","2021-07-26 10:50:39",Update
202403,"2021-07-26 10:50:29","2021-07-26 10:50:32",200,"{""data_failed"":[],""message"":""Success""}","2021-07-26 10:50:50",Update
202404,"2021-07-26 10:26:15","2021-07-26 10:26:22",200,"{""data_failed"":[],""message"":""Success""}","2021-07-26 10:26:37",Update
202406,"2021-07-26 10:50:39","2021-07-26 10:50:43",null,null,null,"Temp Error (72,3000)"
202407,"2021-07-26 10:50:33","2021-07-26 10:50:36",200,"{""data_failed"":[],""message"":""Success""}","2021-07-26 10:50:52",Update
202408,"2021-07-26 10:50:25","2021-07-26 10:50:28",200,"{""data_failed"":[],""message"":""Success""}","2021-07-26 10:50:49",Update
202409,"2021-07-26 10:51:17","2021-07-26 10:51:20",200,"{""data_failed"":[],""message"":""Success""}","2021-07-26 10:51:35",Update
202410,"2021-07-26 10:50:54","2021-07-26 10:50:58",200,"{""data_failed"":[],""message"":""Success""}","2021-07-26 10:51:11",Update
202411,"2021-07-26 10:49:18","2021-07-26 10:49:22",200,"{""data_failed"":[],""message"":""Success""}","2021-07-26 10:49:39",Update
202412,"2021-07-26 10:51:04","2021-07-26 10:51:06",200,"{""data_failed"":[],""message"":""Success""}","2021-07-26 10:51:22",Update
202413,"2021-07-26 10:51:07","2021-07-26 10:51:09",null,null,null,"Temp Error (72,3000)"
202414,"2021-07-26 10:51:05","2021-07-26 10:51:10",200,"{""data_failed"":[],""message"":""Success""}","2021-07-26 10:51:24",Update
202415,"2021-07-26 10:51:31","2021-07-26 10:51:33",200,"{""data_failed"":[],""message"":""Success""}","2021-07-26 10:51:47",Update
202416,"2021-07-26 10:51:27","2021-07-26 10:51:30",200,"{""data_failed"":[],""message"":""Success""}","2021-07-26 10:51:44",Update
202417,"2021-07-26 10:51:13","2021-07-26 10:51:16",200,"{""data_failed"":[],""message"":""Success""}","2021-07-26 10:51:34",Update
202418,"2021-07-26 10:51:43","2021-07-26 10:51:51",200,"{""data_failed"":[],""message"":""Success""}","2021-07-26 10:52:06",Update
202419,"2021-07-26 10:51:15","2021-07-26 10:51:19",200,"{""data_failed"":[],""message"":""Success""}","2021-07-26 10:51:35",Update
202420,"2021-07-26 10:51:17","2021-07-26 10:51:22",200,"{""data_failed"":[],""message"":""Success""}","2021-07-26 10:51:36",Update
202421,"2021-07-26 10:51:36","2021-07-26 10:51:41",200,"{""data_failed"":[],""message"":""Success""}","2021-07-26 10:51:58",Update
202422,"2021-07-26 10:51:28","2021-07-26 10:51:31",200,"{""data_failed"":[],""message"":""Success""}","2021-07-26 10:51:44",Update
202423,"2021-07-26 10:51:37","2021-07-26 10:51:42",200,"{""data_failed"":[],""message"":""Success""}","2021-07-26 10:51:58",Update
202424,"2021-07-26 10:51:06","2021-07-26 10:51:10",200,"{""data_failed"":[],""message"":""Success""}","2021-07-26 10:51:23",Update
202426,"2021-07-26 10:51:28","2021-07-26 10:51:33",200,"{""data_failed"":[],""message"":""Success""}","2021-07-26 10:51:46",Update
202427,"2021-07-26 10:51:42","2021-07-26 10:51:45",200,"{""data_failed"":[],""message"":""Success""}","2021-07-26 10:51:59",Update
202429,"2021-07-26 10:51:17","2021-07-26 10:51:20",200,"{""data_failed"":[],""message"":""Success""}","2021-07-26 10:51:34",Update
202430,"2021-07-26 10:51:33","2021-07-26 10:51:37",200,"{""data_failed"":[],""message"":""Success""}","2021-07-26 10:51:56",Update
202431,"2021-07-26 10:51:11","2021-07-26 10:51:15",200,"{""data_failed"":[],""message"":""Success""}","2021-07-26 10:51:32",Update
202432,"2021-07-26 10:51:49","2021-07-26 10:51:58",200,"{""data_failed"":[],""message"":""Success""}","2021-07-26 10:52:16",Update
202433,"2021-07-26 10:51:26","2021-07-26 10:51:28",200,"{""data_failed"":[],""message"":""Success""}","2021-07-26 10:51:48",Update
202434,"2021-07-26 10:51:44","2021-07-26 10:51:48",200,"{""data_failed"":[],""message"":""Success""}","2021-07-26 10:52:06",Update
202435,"2021-07-26 10:51:39","2021-07-26 10:51:42",200,"{""data_failed"":[],""message"":""Success""}","2021-07-26 10:51:57",Update
202436,"2021-07-26 10:51:22","2021-07-26 10:51:25",200,"{""data_failed"":[],""message"":""Success""}","2021-07-26 10:51:46",Update
202437,"2021-07-26 10:51:05","2021-07-26 10:51:08",200,"{""data_failed"":[],""message"":""Success""}","2021-07-26 10:51:21",Update
202438,"2021-07-26 10:51:34","2021-07-26 10:51:39",200,"{""data_failed"":[],""message"":""Success""}","2021-07-26 10:51:55",Update
202439,"2021-07-26 10:51:20","2021-07-26 10:51:24",200,"{""data_failed"":[],""message"":""Success""}","2021-07-26 10:51:44",Update
202440,"2021-07-26 10:51:49","2021-07-26 10:51:52",200,"{""data_failed"":[],""message"":""Success""}","2021-07-26 10:52:07",Update
202441,"2021-07-26 10:51:24","2021-07-26 10:51:31",200,"{""data_failed"":[],""message"":""Success""}","2021-07-26 10:51:45",Update
202442,"2021-07-26 10:51:51","2021-07-26 10:51:55",200,"{""data_failed"":[],""message"":""Success""}","2021-07-26 10:52:06",Update
202443,"2021-07-26 10:51:11","2021-07-26 10:51:15",200,"{""data_failed"":[],""message"":""Success""}","2021-07-26 10:51:32",Update
202444,"2021-07-26 10:51:57","2021-07-26 10:52:00",200,"{""data_failed"":[],""message"":""Success""}","2021-07-26 10:52:15",Update
202445,"2021-07-26 10:51:59","2021-07-26 10:52:02",200,"{""data_failed"":[],""message"":""Success""}","2021-07-26 10:52:17",Update
202446,"2021-07-26 10:51:25","2021-07-26 10:51:29",200,"{""data_failed"":[],""message"":""Success""}","2021-07-26 10:51:48",Update
202447,"2021-07-26 10:51:15","2021-07-26 10:51:18",200,"{""data_failed"":[],""message"":""Success""}","2021-07-26 10:51:35",Update
202448,"2021-07-26 10:50:59","2021-07-26 10:51:07",200,"{""data_failed"":[],""message"":""Success""}","2021-07-26 10:51:22",Update
202449,"2021-07-26 10:51:34","2021-07-26 10:51:37",200,"{""data_failed"":[],""message"":""Success""}","2021-07-26 10:51:55",Update
202450,"2021-07-26 10:51:41","2021-07-26 10:51:44",200,"{""data_failed"":[],""message"":""Success""}","2021-07-26 10:51:57",Update
202451,"2021-07-26 10:51:50","2021-07-26 10:51:52",200,"{""data_failed"":[],""message"":""Success""}","2021-07-26 10:52:07",Update
202452,"2021-07-26 10:51:25","2021-07-26 10:51:28",200,"{""data_failed"":[],""message"":""Success""}","2021-07-26 10:51:44",Update
202453,"2021-07-26 10:51:28","2021-07-26 10:51:30",200,"{""data_failed"":[],""message"":""Success""}","2021-07-26 10:51:46",Update
202454,"2021-07-25 17:36:05","2021-07-25 17:36:14",200,"{""data_failed"":[],""message"":""Success""}","2021-07-25 17:36:33","Battery Power Low (66,3487)"
202455,"2021-07-26 10:51:58","2021-07-26 10:52:02",200,"{""data_failed"":[],""message"":""Success""}","2021-07-26 10:52:17",Update
202456,"2021-07-26 10:51:33","2021-07-26 10:51:38",200,"{""data_failed"":[],""message"":""Success""}","2021-07-26 10:51:54",Update
202457,"2021-07-26 10:51:37","2021-07-26 10:51:42",200,"{""data_failed"":[],""message"":""Success""}","2021-07-26 10:51:57",Update
202458,"2021-07-26 10:51:12","2021-07-26 10:51:18",200,"{""data_failed"":[],""message"":""Success""}","2021-07-26 10:51:33",Update
202459,"2021-07-26 10:51:56","2021-07-26 10:52:00",200,"{""data_failed"":[],""message"":""Success""}","2021-07-26 10:52:15",Update
202460,"2021-07-26 10:51:44","2021-07-26 10:51:50",200,"{""data_failed"":[],""message"":""Success""}","2021-07-26 10:52:05",Update
202461,"2021-07-26 10:52:01","2021-07-26 10:52:05",200,"{""data_failed"":[],""message"":""Success""}","2021-07-26 10:52:17",Update
202462,"2021-07-26 10:51:46","2021-07-26 10:51:49",200,"{""data_failed"":[],""message"":""Success""}","2021-07-26 10:52:06",Update
202463,"2021-07-24 07:36:04","2021-07-24 07:36:07",200,"{""data_failed"":[],""message"":""Success""}","2021-07-24 07:36:25","CPU Reset"
202464,"2021-07-26 10:51:50","2021-07-26 10:51:53",200,"{""data_failed"":[],""message"":""Success""}","2021-07-26 10:52:08",Update
202465,"2021-07-26 10:51:30","2021-07-26 10:51:33",200,"{""data_failed"":[],""message"":""Success""}","2021-07-26 10:51:48",Update
202466,"2021-07-26 10:51:14","2021-07-26 10:51:19",200,"{""data_failed"":[],""message"":""Success""}","2021-07-26 10:51:34",Update
202467,"2021-07-26 10:51:11","2021-07-26 10:51:17",200,"{""data_failed"":[],""message"":""Success""}","2021-07-26 10:51:32",Update
202468,"2021-07-26 10:51:34","2021-07-26 10:51:38",200,"{""data_failed"":[],""message"":""Success""}","2021-07-26 10:51:54",Update
202469,"2021-07-26 10:51:28","2021-07-26 10:51:32",200,"{""data_failed"":[],""message"":""Success""}","2021-07-26 10:51:46",Update
202471,"2021-07-26 10:52:06","2021-07-26 10:52:10",200,"{""data_failed"":[],""message"":""Success""}","2021-07-26 10:52:29",Update
202472,"2021-06-08 10:58:04","2021-06-08 10:58:08.247","Api null","Api null","Api null","CPU Reset"
202473,"2021-07-26 10:51:58","2021-07-26 10:52:04",200,"{""data_failed"":[],""message"":""Success""}","2021-07-26 10:52:17",Update
202474,"2021-07-26 10:51:30","2021-07-26 10:51:33",200,"{""data_failed"":[],""message"":""Success""}","2021-07-26 10:51:47",Update
202475,"2021-07-26 10:51:28","2021-07-26 10:51:35",200,"{""data_failed"":[],""message"":""Success""}","2021-07-26 10:51:55",Update
202476,"2021-07-26 10:51:48","2021-07-26 10:51:53",200,"{""data_failed"":[],""message"":""Success""}","2021-07-26 10:52:06",Update
202477,"2021-07-26 10:52:19","2021-07-26 10:52:23",200,"{""data_failed"":[],""message"":""Success""}","2021-07-26 10:52:37",Update
202478,"2021-07-23 12:49:54","2021-07-23 12:50:33",200,"{""data_failed"":[],""message"":""Success""}","2021-07-23 12:50:40","CPU Reset"
202479,"2021-07-26 10:51:57","2021-07-26 10:52:02",200,"{""data_failed"":[],""message"":""Success""}","2021-07-26 10:52:16",Update
202481,"2021-07-26 10:52:23","2021-07-26 10:52:26",200,"{""data_failed"":[],""message"":""Success""}","2021-07-26 10:52:38",Update
202482,"2021-07-26 10:51:39","2021-07-26 10:52:01",200,"{""data_failed"":[],""message"":""Success""}","2021-07-26 10:52:16",Update
202483,"2021-07-26 10:52:13","2021-07-26 10:52:16",200,"{""data_failed"":[],""message"":""Success""}","2021-07-26 10:52:29",Update
202484,"2021-07-20 15:41:07","2021-07-20 15:41:10",200,"{""data_failed"":[],""message"":""Success""}","2021-07-20 15:41:22","CPU Reset"
202486,"2021-07-26 10:52:03","2021-07-26 10:52:09",200,"{""data_failed"":[],""message"":""Success""}","2021-07-26 10:52:26",Update
202487,"2021-07-26 10:52:31","2021-07-26 10:52:34",200,"{""data_failed"":[],""message"":""Success""}","2021-07-26 10:52:48",Update
202488,"2021-07-26 10:52:48","2021-07-26 10:52:51",200,"{""data_failed"":[],""message"":""Success""}","2021-07-26 10:53:02",Update
202489,"2021-07-26 08:28:55","2021-07-26 08:28:58",200,"{""data_failed"":[],""message"":""Success""}","2021-07-26 08:29:12",Update
202490,"2021-07-26 10:52:38","2021-07-26 10:52:43",200,"{""data_failed"":[],""message"":""Success""}","2021-07-26 10:53:00",Update
202491,"2021-07-26 10:52:08","2021-07-26 10:52:12",200,"{""data_failed"":[],""message"":""Success""}","2021-07-26 10:52:30",Update
202492,"2021-07-26 10:49:18","2021-07-26 10:49:21",200,"{""data_failed"":[],""message"":""Success""}","2021-07-26 10:49:36",Update
202493,"2021-07-26 08:53:02","2021-07-26 08:53:06",200,"{""data_failed"":[],""message"":""Success""}","2021-07-26 08:53:26",Update
202494,"2021-07-26 10:52:42","2021-07-26 10:52:49",200,"{""data_failed"":[],""message"":""Success""}","2021-07-26 10:53:00",Update
202495,"2021-07-26 10:52:22","2021-07-26 10:52:30",200,"{""data_failed"":[],""message"":""Success""}","2021-07-26 10:52:47",Update
202496,"2021-07-26 10:52:15","2021-07-26 10:52:18",200,"{""data_failed"":[],""message"":""Success""}","2021-07-26 10:52:38",Update
202497,"2021-07-26 10:52:06","2021-07-26 10:52:10",200,"{""data_failed"":[],""message"":""Success""}","2021-07-26 10:52:30",Update
202498,"2021-07-26 10:52:03","2021-07-26 10:52:08",200,"{""data_failed"":[],""message"":""Success""}","2021-07-26 10:52:28",Update
202499,"2021-07-26 10:51:25","2021-07-26 10:51:29",200,"{""data_failed"":[],""message"":""Success""}","2021-07-26 10:51:45",Update
202501,"2021-07-26 10:52:18","2021-07-26 10:52:21",200,"{""data_failed"":[],""message"":""Success""}","2021-07-26 10:52:37",Update
202503,"2021-07-26 10:52:35","2021-07-26 10:52:38",200,"{""data_failed"":[],""message"":""Success""}","2021-07-26 10:52:50",Update
202504,"2021-07-26 10:52:44","2021-07-26 10:52:51",200,"{""data_failed"":[],""message"":""Success""}","2021-07-26 10:53:01",Update
202505,"2021-07-26 10:52:57","2021-07-26 10:53:02",200,"{""data_failed"":[],""message"":""Success""}","2021-07-26 10:53:09",Update
202506,"2021-07-26 10:52:32","2021-07-26 10:52:36",200,"{""data_failed"":[],""message"":""Success""}","2021-07-26 10:52:48",Update
202507,"2021-07-26 10:52:23","2021-07-26 10:52:28",200,"{""data_failed"":[],""message"":""Success""}","2021-07-26 10:52:41",Update
202508,"2021-07-26 10:52:18","2021-07-26 10:52:23",200,"{""data_failed"":[],""message"":""Success""}","2021-07-26 10:52:39",Update
202509,"2021-07-26 10:52:18","2021-07-26 10:52:26",200,"{""data_failed"":[],""message"":""Success""}","2021-07-26 10:52:40",Update
202510,"2021-07-26 10:51:57","2021-07-26 10:52:01",200,"{""data_failed"":[],""message"":""Success""}","2021-07-26 10:52:17",Update
202511,"2021-07-26 10:52:07","2021-07-26 10:52:10",200,"{""data_failed"":[],""message"":""Success""}","2021-07-26 10:52:26",Update
202512,"2021-07-26 10:52:07","2021-07-26 10:52:11",200,"{""data_failed"":[],""message"":""Success""}","2021-07-26 10:52:28",Update
202513,"2021-07-26 10:52:36","2021-07-26 10:52:38",200,"{""data_failed"":[],""message"":""Success""}","2021-07-26 10:52:51",Update
202514,"2021-07-26 10:52:18","2021-07-26 10:52:23",200,"{""data_failed"":[],""message"":""Success""}","2021-07-26 10:52:40",Update
202515,"2021-07-26 10:52:26","2021-07-26 10:52:28",200,"{""data_failed"":[],""message"":""Success""}","2021-07-26 10:52:40",Update
202516,"2021-07-26 10:52:33","2021-07-26 10:52:37",200,"{""data_failed"":[],""message"":""Success""}","2021-07-26 10:52:50",Update
202517,"2021-07-26 10:52:12","2021-07-26 10:52:14",200,"{""data_failed"":[],""message"":""Success""}","2021-07-26 10:52:30",Update
202518,"2021-07-26 10:52:43","2021-07-26 10:52:48",200,"{""data_failed"":[],""message"":""Success""}","2021-07-26 10:52:59",Update
202519,"2021-07-26 10:52:09","2021-07-26 10:52:13",200,"{""data_failed"":[],""message"":""Success""}","2021-07-26 10:52:30",Update
202520,"2021-07-26 10:52:16","2021-07-26 10:52:22",200,"{""data_failed"":[],""message"":""Success""}","2021-07-26 10:52:38",Update
202521,"2021-07-26 10:52:16","2021-07-26 10:52:18",200,"{""data_failed"":[],""message"":""Success""}","2021-07-26 10:52:38",Update
202522,"2021-07-26 10:51:53","2021-07-26 10:52:03",200,"{""data_failed"":[],""message"":""Success""}","2021-07-26 10:52:16",Update
202523,"2021-07-26 10:52:21","2021-07-26 10:52:23",200,"{""data_failed"":[],""message"":""Success""}","2021-07-26 10:52:40",Update
202524,"2021-07-26 10:52:14","2021-07-26 10:52:17",200,"{""data_failed"":[],""message"":""Success""}","2021-07-26 10:52:30",Update
202525,"2021-07-26 10:52:41","2021-07-26 10:52:43",200,"{""data_failed"":[],""message"":""Success""}","2021-07-26 10:53:00",Update
202526,"2021-07-26 10:52:53","2021-07-26 10:52:56",200,"{""data_failed"":[],""message"":""Success""}","2021-07-26 10:53:10",Update
202527,"2021-07-26 10:52:17","2021-07-26 10:52:20",200,"{""data_failed"":[],""message"":""Success""}","2021-07-26 10:52:40",Update
202528,"2021-07-26 10:52:08","2021-07-26 10:52:11",200,"{""data_failed"":[],""message"":""Success""}","2021-07-26 10:52:28",Update
202529,"2021-07-26 10:51:55","2021-07-26 10:51:58",200,"{""data_failed"":[],""message"":""Success""}","2021-07-26 10:52:18",Update
202530,"2021-07-26 10:52:10","2021-07-26 10:52:16",200,"{""data_failed"":[],""message"":""Success""}","2021-07-26 10:52:29",Update
202531,"2021-07-26 10:52:00","2021-07-26 10:52:03",200,"{""data_failed"":[],""message"":""Success""}","2021-07-26 10:52:18",Update
202532,"2021-07-26 10:52:16","2021-07-26 10:52:22",200,"{""data_failed"":[],""message"":""Success""}","2021-07-26 10:52:41",Update
202533,"2021-07-26 10:52:47","2021-07-26 10:52:56",200,"{""data_failed"":[],""message"":""Success""}","2021-07-26 10:53:11",Update
202534,"2021-07-26 10:52:42","2021-07-26 10:52:50",200,"{""data_failed"":[],""message"":""Success""}","2021-07-26 10:53:02",Update
202535,"2021-07-26 10:51:56","2021-07-26 10:52:00",200,"{""data_failed"":[],""message"":""Success""}","2021-07-26 10:52:17",Update
202536,"2021-07-26 10:52:27","2021-07-26 10:52:30",200,"{""data_failed"":[],""message"":""Success""}","2021-07-26 10:52:48",Update
202537,"2021-07-26 10:52:41","2021-07-26 10:52:44",200,"{""data_failed"":[],""message"":""Success""}","2021-07-26 10:53:02",Update
202538,"2021-07-26 10:27:07","2021-07-26 10:50:00",200,"{""data_failed"":[],""message"":""Success""}","2021-07-26 10:51:28",Update
202539,"2021-07-26 10:52:15","2021-07-26 10:52:20",200,"{""data_failed"":[],""message"":""Success""}","2021-07-26 10:52:40",Update
202540,"2021-07-26 10:52:34","2021-07-26 10:52:39",200,"{""data_failed"":[],""message"":""Success""}","2021-07-26 10:52:51",Update
202541,"2021-07-26 10:52:16","2021-07-26 10:52:24",200,"{""data_failed"":[],""message"":""Success""}","2021-07-26 10:52:40",Update
202542,"2021-07-26 10:52:09","2021-07-26 10:52:18",200,"{""data_failed"":[],""message"":""Success""}","2021-07-26 10:52:37",Update
202543,"2021-07-26 10:52:12","2021-07-26 10:52:22",200,"{""data_failed"":[],""message"":""Success""}","2021-07-26 10:52:39",Update
202544,"2021-06-14 17:34:11","2021-06-14 17:34:15.586","Api null","Api null","Api null","CPU Reset"
202545,"2021-07-26 10:53:01","2021-07-26 10:53:12",200,"{""data_failed"":[],""message"":""Success""}","2021-07-26 10:53:23",Update
202546,"2021-07-26 10:52:38","2021-07-26 10:52:43",200,"{""data_failed"":[],""message"":""Success""}","2021-07-26 10:52:58",Update
202547,"2021-07-26 10:52:59","2021-07-26 10:53:02",200,"{""data_failed"":[],""message"":""Success""}","2021-07-26 10:53:20",Update
202548,"2021-07-26 10:53:00","2021-07-26 10:53:04",200,"{""data_failed"":[],""message"":""Success""}","2021-07-26 10:53:22",Update
202549,"2021-07-26 10:52:51","2021-07-26 10:52:56",200,"{""data_failed"":[],""message"":""Success""}","2021-07-26 10:53:12",Update
202550,"2021-07-26 10:52:38","2021-07-26 10:52:43",200,"{""data_failed"":[],""message"":""Success""}","2021-07-26 10:53:00",Update
202551,"2021-07-26 10:51:05","2021-07-26 10:51:08",200,"{""data_failed"":[],""message"":""Success""}","2021-07-26 10:51:22",Update
202552,"2021-07-26 10:51:14","2021-07-26 10:51:18",200,"{""data_failed"":[],""message"":""Success""}","2021-07-26 10:51:35",Update
202553,"2021-07-26 10:51:17","2021-07-26 10:51:26",200,"{""data_failed"":[],""message"":""Success""}","2021-07-26 10:51:43",Update
202554,"2021-07-26 10:51:41","2021-07-26 10:51:44",200,"{""data_failed"":[],""message"":""Success""}","2021-07-26 10:51:58",Update
202555,"2021-07-26 10:51:12","2021-07-26 10:51:17",200,"{""data_failed"":[],""message"":""Success""}","2021-07-26 10:51:33",Update
202556,"2021-07-26 10:51:36","2021-07-26 10:51:39",200,"{""data_failed"":[],""message"":""Success""}","2021-07-26 10:51:57",Update
202557,"2021-07-26 10:51:28","2021-07-26 10:51:38",200,"{""data_failed"":[],""message"":""Success""}","2021-07-26 10:51:55",Update
202558,"2021-07-26 10:51:49","2021-07-26 10:51:52",200,"{""data_failed"":[],""message"":""Success""}","2021-07-26 10:52:08",Update
202559,"2021-07-26 10:51:16","2021-07-26 10:51:18",200,"{""data_failed"":[],""message"":""Success""}","2021-07-26 10:51:36",Update
202560,"2021-07-26 10:51:41","2021-07-26 10:51:45",200,"{""data_failed"":[],""message"":""Success""}","2021-07-26 10:52:06",Update
202561,"2021-07-26 10:53:02","2021-07-26 10:53:06",200,"{""data_failed"":[],""message"":""Success""}","2021-07-26 10:53:23",Update
202562,"2021-07-26 10:52:23","2021-07-26 10:52:30",200,"{""data_failed"":[],""message"":""Success""}","2021-07-26 10:52:48",Update
202563,"2021-07-26 10:52:14","2021-07-26 10:52:23",200,"{""data_failed"":[],""message"":""Success""}","2021-07-26 10:52:38",Update
202564,"2021-07-26 10:52:49","2021-07-26 10:52:55",200,"{""data_failed"":[],""message"":""Success""}","2021-07-26 10:53:09",Update
202565,"2021-07-26 10:52:45","2021-07-26 10:52:49",200,"{""data_failed"":[],""message"":""Success""}","2021-07-26 10:52:59",Update
202566,"2021-07-26 10:52:52","2021-07-26 10:52:56",200,"{""data_failed"":[],""message"":""Success""}","2021-07-26 10:53:13",Update
202567,"2021-07-26 10:53:01","2021-07-26 10:53:04",200,"{""data_failed"":[],""message"":""Success""}","2021-07-26 10:53:23",Update
202568,"2021-07-26 10:51:09","2021-07-26 10:51:29",200,"{""data_failed"":[],""message"":""Success""}","2021-07-26 10:51:53",Update
202569,"2021-07-26 10:53:00","2021-07-26 10:53:03",200,"{""data_failed"":[],""message"":""Success""}","2021-07-26 10:53:21",Update
202570,"2021-07-26 10:52:14","2021-07-26 10:52:17",200,"{""data_failed"":[],""message"":""Success""}","2021-07-26 10:52:29",Update
202571,"2021-07-26 10:52:46","2021-07-26 10:52:49",200,"{""data_failed"":[],""message"":""Success""}","2021-07-26 10:52:59",Update
202572,"2021-07-26 10:52:19","2021-07-26 10:52:22",200,"{""data_failed"":[],""message"":""Success""}","2021-07-26 10:52:39",Update
202573,"2021-07-26 10:52:23","2021-07-26 10:52:27",200,"{""data_failed"":[],""message"":""Success""}","2021-07-26 10:52:41",Update
202574,"2021-07-26 10:52:35","2021-07-26 10:52:38",200,"{""data_failed"":[],""message"":""Success""}","2021-07-26 10:52:50",Update
202575,"2021-07-26 10:52:48","2021-07-26 10:52:51",200,"{""data_failed"":[],""message"":""Success""}","2021-07-26 10:53:01",Update
202576,"2021-07-26 10:53:06","2021-07-26 10:53:10",200,"{""data_failed"":[],""message"":""Success""}","2021-07-26 10:53:21",Update
202577,"2021-07-26 10:52:46","2021-07-26 10:52:53",200,"{""data_failed"":[],""message"":""Success""}","2021-07-26 10:53:10",Update
202578,"2021-07-26 10:52:36","2021-07-26 10:52:38",200,"{""data_failed"":[],""message"":""Success""}","2021-07-26 10:52:51",Update
202579,"2021-07-26 10:52:16","2021-07-26 10:52:22",200,"{""data_failed"":[],""message"":""Success""}","2021-07-26 10:52:37",Update
202580,"2021-07-26 10:52:21","2021-07-26 10:52:26",200,"{""data_failed"":[],""message"":""Success""}","2021-07-26 10:52:40",Update
202581,"2021-07-12 23:13:33","2021-07-12 23:13:42",200,"{""data_failed"":[],""message"":""Success""}","2021-07-12 23:13:47","CPU Reset"
202582,"2021-07-26 10:50:01","2021-07-26 10:50:20",200,"{""data_failed"":[],""message"":""Success""}","2021-07-26 10:50:44",Update
202583,"2021-07-26 10:53:07","2021-07-26 10:53:11",200,"{""data_failed"":[],""message"":""Success""}","2021-07-26 10:53:20",Update
202584,"2021-07-26 10:52:56","2021-07-26 10:52:58",200,"{""data_failed"":[],""message"":""Success""}","2021-07-26 10:53:12",Update
202585,"2021-07-26 10:53:33","2021-07-26 10:53:35",200,"{""data_failed"":[],""message"":""Success""}","2021-07-26 10:53:51",Update
202586,"2021-07-26 10:53:15","2021-07-26 10:53:19",200,"{""data_failed"":[],""message"":""Success""}","2021-07-26 10:53:32",Update
202587,"2021-07-26 10:53:34","2021-07-26 10:53:38",200,"{""data_failed"":[],""message"":""Success""}","2021-07-26 10:53:53",Update
202588,"2021-07-26 10:53:34","2021-07-26 10:53:41",200,"{""data_failed"":[],""message"":""Success""}","2021-07-26 10:53:54",Update
202590,"2021-07-26 10:53:07","2021-07-26 10:53:09",200,"{""data_failed"":[],""message"":""Success""}","2021-07-26 10:53:21",Update
202591,"2021-07-26 10:53:02","2021-07-26 10:53:08",200,"{""data_failed"":[],""message"":""Success""}","2021-07-26 10:53:39",Update
202592,"2021-07-26 10:53:08","2021-07-26 10:53:11",200,"{""data_failed"":[],""message"":""Success""}","2021-07-26 10:53:40",Update
202593,"2021-07-26 10:53:11","2021-07-26 10:53:15",200,"{""data_failed"":[],""message"":""Success""}","2021-07-26 10:53:44",Update
202594,"2021-07-26 10:52:50","2021-07-26 10:52:53",200,"{""data_failed"":[],""message"":""Success""}","2021-07-26 10:53:37",Update
202595,"2021-07-26 10:53:16","2021-07-26 10:53:19",200,"{""data_failed"":[],""message"":""Success""}","2021-07-26 10:53:44",Update
202596,"2021-07-26 10:52:52","2021-07-26 10:52:55",200,"{""data_failed"":[],""message"":""Success""}","2021-07-26 10:53:38",Update
202597,"2021-07-26 10:53:20","2021-07-26 10:53:35",200,"{""data_failed"":[],""message"":""Success""}","2021-07-26 10:53:51",Update
202598,"2021-07-26 10:53:21","2021-07-26 10:53:29",200,"{""data_failed"":[],""message"":""Success""}","2021-07-26 10:53:44",Update
202600,"2021-07-26 10:53:30","2021-07-26 10:53:34",200,"{""data_failed"":[],""message"":""Success""}","2021-07-26 10:53:45",Update
202601,"2021-07-26 10:53:41","2021-07-26 10:53:44",200,"{""data_failed"":[],""message"":""Success""}","2021-07-26 10:53:54",Update
202602,"2021-07-26 10:52:57","2021-07-26 10:53:04",200,"{""data_failed"":[],""message"":""Success""}","2021-07-26 10:53:21",Update
202603,"2021-07-26 10:52:51","2021-07-26 10:52:56",200,"{""data_failed"":[],""message"":""Success""}","2021-07-26 10:53:10",Update
202604,"2021-07-26 10:53:41","2021-07-26 10:53:45",200,"{""data_failed"":[],""message"":""Success""}","2021-07-26 10:53:55",Update
202605,"2021-07-26 10:53:36","2021-07-26 10:53:39",200,"{""data_failed"":[],""message"":""Success""}","2021-07-26 10:53:53",Update
202606,"2021-07-26 10:53:01","2021-07-26 10:53:05",200,"{""data_failed"":[],""message"":""Success""}","2021-07-26 10:53:23",Update
202607,"2021-06-13 16:54:14","2021-06-13 17:47:53.169","Api null","Api null","Api null","CPU Reset"
202608,"2021-07-26 10:53:17","2021-07-26 10:53:21",200,"{""data_failed"":[],""message"":""Success""}","2021-07-26 10:53:31",Update
202609,"2021-07-26 10:52:14","2021-07-26 10:52:19",200,"{""data_failed"":[],""message"":""Success""}","2021-07-26 10:52:38",Update
202610,"2021-07-26 10:53:03","2021-07-26 10:53:07",200,"{""data_failed"":[],""message"":""Success""}","2021-07-26 10:53:23",Update
202611,"2021-07-26 10:53:50","2021-07-26 10:53:55",200,"{""data_failed"":[],""message"":""Success""}","2021-07-26 10:54:05",Update
202612,"2021-07-26 10:53:39","2021-07-26 10:53:43",200,"{""data_failed"":[],""message"":""Success""}","2021-07-26 10:53:55",Update
202613,"2021-07-26 10:53:27","2021-07-26 10:53:29",200,"{""data_failed"":[],""message"":""Success""}","2021-07-26 10:53:43",Update
202614,"2021-07-26 10:53:34","2021-07-26 10:53:43",200,"{""data_failed"":[],""message"":""Success""}","2021-07-26 10:53:54",Update
202901,"2021-07-26 10:53:45","2021-07-26 10:53:47",200,"{""data_failed"":[],""message"":""Success""}","2021-07-26 10:54:03",Update
202902,"2021-07-26 10:53:50","2021-07-26 10:53:53",200,"{""data_failed"":[],""message"":""Success""}","2021-07-26 10:54:04",Update
202903,"2021-07-26 10:53:42","2021-07-26 10:53:45",200,"{""data_failed"":[],""message"":""Success""}","2021-07-26 10:53:54",Update
202904,"2021-07-26 10:53:07","2021-07-26 10:53:10",200,"{""data_failed"":[],""message"":""Success""}","2021-07-26 10:53:21",Update
202905,"2021-07-26 10:53:43","2021-07-26 10:53:45",200,"{""data_failed"":[],""message"":""Success""}","2021-07-26 10:53:55",Update
202906,"2021-07-26 10:53:07","2021-07-26 10:53:09",200,"{""data_failed"":[],""message"":""Success""}","2021-07-26 10:53:23",Update
202907,"2021-07-26 10:53:21","2021-07-26 10:53:26",200,"{""data_failed"":[],""message"":""Success""}","2021-07-26 10:53:41",Update
202908,"2021-07-26 10:53:39","2021-07-26 10:53:42",200,"{""data_failed"":[],""message"":""Success""}","2021-07-26 10:53:52",Update
202910,"2021-07-26 10:53:26","2021-07-26 10:53:21",200,"{""data_failed"":[],""message"":""Success""}","2021-07-26 10:53:31",Update
