VID,"2021-08-03 13:01:58","2021-08-03 13:02:30.285","Api null","Api null","Api null","CPU Reset"
201003,"2021-08-03 13:01:25","2021-08-03 13:01:29",200,"{""data_failed"":[],""message"":""Success""}","2021-08-03 13:01:39",Update
201011,"2021-07-16 14:02:56","2021-07-16 14:02:58.856","Api null","Api null","Api null","Battery Power Low (66,6432) (api null)"
201016,"2021-08-03 13:08:15","2021-08-03 13:08:22",200,"{""data_failed"":[],""message"":""Success""}","2021-08-03 13:08:36",Update
201022,"2021-08-03 13:08:50","2021-08-03 13:08:54",200,"{""data_failed"":[],""message"":""Success""}","2021-08-03 13:09:09",Update
201025,"2021-08-03 13:08:39","2021-08-03 13:08:45",200,"{""data_failed"":[],""message"":""Success""}","2021-08-03 13:08:58",Update
201031,"2021-08-03 13:08:58","2021-08-03 13:09:04",200,"{""data_failed"":[],""message"":""Success""}","2021-08-03 13:09:20",Update
201034,"2021-08-03 13:08:21","2021-08-03 13:08:23",200,"{""data_failed"":[],""message"":""Success""}","2021-08-03 13:08:36",Update
201035,"2021-08-03 13:08:45","2021-08-03 13:08:48",200,"{""data_failed"":[],""message"":""Success""}","2021-08-03 13:09:09",Update
201036,"2021-08-03 13:08:33","2021-08-03 13:08:38",200,"{""data_failed"":[],""message"":""Success""}","2021-08-03 13:08:59",Update
201037,"2021-06-20 21:50:13.766","2021-06-20 21:50:20.111","Api null","Api null","Api null","CPU Reset"
201038,"2021-08-03 13:15:29","2021-08-03 13:15:32",200,"{""data_failed"":[],""message"":""Success""}","2021-08-03 13:16:32",Update
201044,"2021-08-03 13:14:47","2021-08-03 13:14:49",200,"{""data_failed"":[],""message"":""Success""}","2021-08-03 13:15:05",Update
201046,"2021-08-03 13:14:59","2021-08-03 13:15:02",200,"{""data_failed"":[],""message"":""Success""}","2021-08-03 13:15:17",Update
201048,"2021-07-21 10:48:38","2021-07-21 10:48:41",200,"{""data_failed"":[],""message"":""Success""}","2021-07-21 10:48:58","CPU Reset"
201058,"2021-08-03 13:17:11","2021-08-03 13:17:13",200,"{""data_failed"":[],""message"":""Success""}","2021-08-03 13:17:30",Update
201059,"2021-08-03 13:17:00","2021-08-03 13:17:03",200,"{""data_failed"":[],""message"":""Success""}","2021-08-03 13:17:20",Update
201063,"2021-07-09 10:00:29.358","2021-07-09 10:00:33.227","Api null","Api null","Api null","CPU Reset"
201064,"2021-08-03 13:18:16","2021-08-03 13:18:19",200,"{""data_failed"":[],""message"":""Success""}","2021-08-03 13:18:39",Update
201067,"2021-06-24 16:22:47.496","2021-06-24 16:23:13.675","Api null","Api null","Api null","CPU Reset"
201071,"2021-08-03 13:19:25","2021-08-03 13:19:28",200,"{""data_failed"":[],""message"":""Success""}","2021-08-03 13:19:45",Update
201072,"2021-08-03 13:18:42","2021-08-03 13:18:45",200,"{""data_failed"":[],""message"":""Success""}","2021-08-03 13:19:00",Update
201074,"2021-08-03 13:19:03","2021-08-03 13:19:05",200,"{""data_failed"":[],""message"":""Success""}","2021-08-03 13:19:22",Update
201075,"2021-08-03 13:18:54","2021-08-03 13:18:58",200,"{""data_failed"":[],""message"":""Success""}","2021-08-03 13:19:11",Update
201077,"2021-08-03 13:19:19","2021-08-03 13:19:23",200,"{""data_failed"":[],""message"":""Success""}","2021-08-03 13:19:34",Update
201078,"2021-08-03 13:19:01","2021-08-03 13:19:06",200,"{""data_failed"":[],""message"":""Success""}","2021-08-03 13:19:21",Update
201079,"2021-08-03 13:18:58","2021-08-03 13:19:00",200,"{""data_failed"":[],""message"":""Success""}","2021-08-03 13:19:13",Update
201080,"2021-08-03 13:18:41","2021-08-03 13:18:44",200,"{""data_failed"":[],""message"":""Success""}","2021-08-03 13:19:00",Update
201081,"2021-08-03 13:19:34","2021-08-03 13:19:38",200,"{""data_failed"":[],""message"":""Success""}","2021-08-03 13:19:45",Update
201082,"2021-08-03 13:19:21","2021-08-03 13:19:24",200,"{""data_failed"":[],""message"":""Success""}","2021-08-03 13:19:36",Update
201083,"2021-08-03 13:18:41","2021-08-03 13:18:45",200,"{""data_failed"":[],""message"":""Success""}","2021-08-03 13:19:00",Update
201084,"2021-08-03 13:18:58","2021-08-03 13:19:04",200,"{""data_failed"":[],""message"":""Success""}","2021-08-03 13:19:22",Update
201085,"2021-08-03 13:19:13","2021-08-03 13:19:18",200,"{""data_failed"":[],""message"":""Success""}","2021-08-03 13:19:33",Update
201086,"2021-08-03 13:18:51","2021-08-03 13:18:54",200,"{""data_failed"":[],""message"":""Success""}","2021-08-03 13:19:10",Update
201087,"2021-08-03 13:19:35","2021-08-03 13:19:37",200,"{""data_failed"":[],""message"":""Success""}","2021-08-03 13:19:46",Update
201088,"2021-08-03 13:19:21","2021-08-03 13:19:23",200,"{""data_failed"":[],""message"":""Success""}","2021-08-03 13:19:36",Update
201089,"2021-08-03 13:18:43","2021-08-03 13:18:47",200,"{""data_failed"":[],""message"":""Success""}","2021-08-03 13:19:02",Update
201090,"2021-08-03 13:12:38","2021-08-03 13:15:23",200,"{""data_failed"":[],""message"":""Success""}","2021-08-03 13:15:38",Update
201092,"2021-08-03 13:18:52","2021-08-03 13:18:55",200,"{""data_failed"":[],""message"":""Success""}","2021-08-03 13:19:13",Update
201093,"2021-08-03 13:18:47","2021-08-03 13:18:50",200,"{""data_failed"":[],""message"":""Success""}","2021-08-03 13:19:12",Update
201094,"2021-07-31 11:07:35","2021-07-31 11:07:37",200,"{""data_failed"":[],""message"":""Success""}","2021-07-31 11:07:48","CPU Reset"
201095,"2021-08-03 13:19:27","2021-08-03 13:19:30",200,"{""data_failed"":[],""message"":""Success""}","2021-08-03 13:19:45",Update
201096,"2021-08-03 13:19:03","2021-08-03 13:19:07",200,"{""data_failed"":[],""message"":""Success""}","2021-08-03 13:19:22",Update
201097,"2021-08-03 13:19:52","2021-08-03 13:19:55",200,"{""data_failed"":[],""message"":""Success""}","2021-08-03 13:20:07",Update
201100,"2021-08-03 13:19:46","2021-08-03 13:19:50",200,"{""data_failed"":[],""message"":""Success""}","2021-08-03 13:19:56",Update
201102,"2021-05-29 14:49:46","2021-05-29 14:49:49.73","Api null","Api null","Api null","Battery Power Low (66,0) (api null)"
201103,"2021-08-03 13:22:03","2021-08-03 13:22:06",200,"{""data_failed"":[],""message"":""Success""}","2021-08-03 13:22:27",Update
201104,"2021-08-03 13:22:48","2021-08-03 13:22:51",200,"{""data_failed"":[],""message"":""Success""}","2021-08-03 13:23:07",Update
201105,"2021-08-03 13:17:37","2021-08-03 13:22:57",200,"{""data_failed"":[],""message"":""Success""}","2021-08-03 13:23:20",Update
201109,"2021-08-03 13:22:00","2021-08-03 13:22:18",200,"{""data_failed"":[],""message"":""Success""}","2021-08-03 13:22:33",Update
201110,"2021-08-03 13:22:22","2021-08-03 13:22:24",200,"{""data_failed"":[],""message"":""Success""}","2021-08-03 13:22:34",Update
201111,"2021-08-03 13:22:34","2021-08-03 13:22:38",200,"{""data_failed"":[],""message"":""Success""}","2021-08-03 13:22:45",Update
201112,"2021-08-03 13:22:04","2021-08-03 13:22:07",200,"{""data_failed"":[],""message"":""Success""}","2021-08-03 13:22:26",Update
201113,"2021-08-03 13:22:51","2021-08-03 13:22:54",200,"{""data_failed"":[],""message"":""Success""}","2021-08-03 13:23:21",Update
201114,"2021-08-03 13:23:01","2021-08-03 13:23:04",200,"{""data_failed"":[],""message"":""Success""}","2021-08-03 13:23:21",Update
201115,"2021-08-03 13:22:36","2021-08-03 13:22:40",200,"{""data_failed"":[],""message"":""Success""}","2021-08-03 13:22:55",Update
201116,"2021-08-03 13:17:10","2021-08-03 13:17:26",200,"{""data_failed"":[],""message"":""Success""}","2021-08-03 13:17:41",Update
201118,"2021-08-03 13:22:40","2021-08-03 13:22:43",200,"{""data_failed"":[],""message"":""Success""}","2021-08-03 13:22:56",Update
201121,,,"Api null","Api null","Api null","Battery Power Low () (api null)"
201124,"2021-08-03 13:26:32","2021-08-03 13:26:36",200,"{""data_failed"":[],""message"":""Success""}","2021-08-03 13:26:45",Update
201125,"2021-07-09 01:24:50","2021-07-09 01:24:53.134","Api null","Api null","Api null","Battery Power Low (66,4984) (api null)"
201126,"2021-08-03 13:33:27","2021-08-03 13:33:30",200,"{""data_failed"":[],""message"":""Success""}","2021-08-03 13:33:38",Update
201127,"2021-07-12 14:44:17","2021-07-12 14:44:22.232","Api null","Api null","Api null","CPU Reset"
201128,"2021-08-03 13:33:28","2021-08-03 13:33:31",200,"{""data_failed"":[],""message"":""Success""}","2021-08-03 13:33:38",Update
201129,"2021-08-03 13:33:09","2021-08-03 13:33:13",200,"{""data_failed"":[],""message"":""Success""}","2021-08-03 13:33:27",Update
201130,"2021-08-03 13:33:17","2021-08-03 13:33:20",200,"{""data_failed"":[],""message"":""Success""}","2021-08-03 13:33:27",Update
201131,"2021-08-03 13:33:06","2021-08-03 13:33:09",200,"{""data_failed"":[],""message"":""Success""}","2021-08-03 13:33:29",Update
201132,"2021-08-03 13:32:47","2021-08-03 13:32:52",200,"{""data_failed"":[],""message"":""Success""}","2021-08-03 13:33:06",Update
201136,"2021-08-03 13:33:01","2021-08-03 13:33:05",200,"{""data_failed"":[],""message"":""Success""}","2021-08-03 13:33:16",Update
201137,"2021-08-03 13:33:30","2021-08-03 13:33:33",200,"{""data_failed"":[],""message"":""Success""}","2021-08-03 13:33:38",Update
201138,"2021-06-15 18:16:39","2021-06-15 18:16:41.779","Api null","Api null","Api null","Battery Power Low (66,0) (api null)"
201139,"2021-08-03 13:36:12","2021-08-03 13:36:14",200,"{""data_failed"":[],""message"":""Success""}","2021-08-03 13:36:26",Update
201140,"2021-08-03 13:35:59","2021-08-03 13:36:01",200,"{""data_failed"":[],""message"":""Success""}","2021-08-03 13:36:15",Update
201143,"2021-08-03 13:35:33","2021-08-03 13:35:37",200,"{""data_failed"":[],""message"":""Success""}","2021-08-03 13:36:00",Update
201144,"2021-08-03 13:36:16","2021-08-03 13:36:20",200,"{""data_failed"":[],""message"":""Success""}","2021-08-03 13:37:19",Update
201145,"2021-08-03 13:35:29","2021-08-03 13:35:32",200,"{""data_failed"":[],""message"":""Success""}","2021-08-03 13:35:50",Update
201148,"2021-08-03 13:35:33","2021-08-03 13:35:40",200,"{""data_failed"":[],""message"":""Success""}","2021-08-03 13:36:00",Update
201149,"2021-08-03 13:35:38","2021-08-03 13:35:42",200,"{""data_failed"":[],""message"":""Success""}","2021-08-03 13:36:02",Update
201150,"2021-08-03 13:35:54","2021-08-03 13:36:00",200,"{""data_failed"":[],""message"":""Success""}","2021-08-03 13:36:12",Update
201152,"2021-08-03 13:35:57","2021-08-03 13:36:01",200,"{""data_failed"":[],""message"":""Success""}","2021-08-03 13:36:13",Update
201153,"2021-08-03 13:34:41","2021-08-03 13:34:56",200,"{""data_failed"":[],""message"":""Success""}","2021-08-03 13:35:06",Update
201154,"2021-08-03 13:36:13","2021-08-03 13:36:16",200,"{""data_failed"":[],""message"":""Success""}","2021-08-03 13:37:15",Update
201155,"2021-06-29 13:58:42","2021-06-29 13:58:45.026","Api null","Api null","Api null","Battery Power Low (66,5662) (api null)"
201156,"2021-08-03 13:36:13","2021-08-03 13:36:16",200,"{""data_failed"":[],""message"":""Success""}","2021-08-03 13:37:17",Update
201157,"2021-08-03 13:34:09","2021-08-03 13:34:32",200,"{""data_failed"":[],""message"":""Success""}","2021-08-03 13:34:44",Update
201159,"2021-08-02 17:47:45","2021-08-02 17:47:48",200,"{""data_failed"":[],""message"":""Success""}","2021-08-02 17:47:56","Battery Power Low (66,6316)"
201160,"2021-08-03 13:36:15","2021-08-03 13:36:19",200,"{""data_failed"":[],""message"":""Success""}","2021-08-03 13:37:22",Update
201161,"2021-08-03 13:36:49","2021-08-03 13:37:05",200,"{""data_failed"":[],""message"":""Success""}","2021-08-03 13:37:33",Update
201162,"2021-08-03 13:36:50","2021-08-03 13:37:05",200,"{""data_failed"":[],""message"":""Success""}","2021-08-03 13:37:37",Update
201164,"2021-07-12 14:54:17","2021-07-12 14:54:19.782","Api null","Api null","Api null","Battery Power Low (66,5502) (api null)"
201165,"2021-08-03 13:37:25","2021-08-03 13:37:29",200,"{""data_failed"":[],""message"":""Success""}","2021-08-03 13:37:47",Update
201166,"2021-08-03 13:37:24","2021-08-03 13:37:26",200,"{""data_failed"":[],""message"":""Success""}","2021-08-03 13:37:46",Update
201167,"2021-07-27 14:41:30","2021-07-27 14:41:37",200,"{""data_failed"":[],""message"":""Success""}","2021-07-27 14:42:01","CPU Reset"
201168,"2021-08-03 13:37:27","2021-08-03 13:37:31",200,"{""data_failed"":[],""message"":""Success""}","2021-08-03 13:37:48",Update
201169,"2021-08-03 13:37:18","2021-08-03 13:37:20",200,"{""data_failed"":[],""message"":""Success""}","2021-08-03 13:37:42",Update
201171,"2021-08-03 13:37:37","2021-08-03 13:37:40",200,"{""data_failed"":[],""message"":""Success""}","2021-08-03 13:37:54",Update
201172,"2021-08-03 13:37:42","2021-08-03 13:37:45",200,"{""data_failed"":[],""message"":""Success""}","2021-08-03 13:37:55",Update
201174,"2021-07-22 21:09:37","2021-07-22 21:09:39",200,"{""data_failed"":[],""message"":""Success""}","2021-07-22 21:10:46","CPU Reset"
201175,"2021-08-03 13:38:18","2021-08-03 13:38:24",200,"{""data_failed"":[],""message"":""Success""}","2021-08-03 13:38:47",Update
201176,"2021-07-15 12:46:02","2021-07-15 12:46:09.388","Api null","Api null","Api null","CPU Reset"
201177,"2021-07-22 15:16:57","2021-07-22 15:17:00",200,"{""data_failed"":[],""message"":""Success""}","2021-07-22 15:17:21","Battery Power Low (66,5039)"
201178,"2021-08-03 13:38:49","2021-08-03 13:38:52",200,"{""data_failed"":[],""message"":""Success""}","2021-08-03 13:39:10",Update
201179,"2021-08-03 13:39:09","2021-08-03 13:39:11",200,"{""data_failed"":[],""message"":""Success""}","2021-08-03 13:39:22",Update
201180,"2021-08-03 13:39:05","2021-08-03 13:39:07",200,"{""data_failed"":[],""message"":""Success""}","2021-08-03 13:39:21",Update
201181,"2021-08-03 13:39:09","2021-08-03 13:39:12",200,"{""data_failed"":[],""message"":""Success""}","2021-08-03 13:39:23",Update
201182,"2021-08-03 13:39:03","2021-08-03 13:39:05",200,"{""data_failed"":[],""message"":""Success""}","2021-08-03 13:39:23",Update
201183,"2021-07-07 11:10:27","2021-07-07 11:10:30.501","Api null","Api null","Api null","CPU Reset"
201184,"2021-08-03 13:39:41","2021-08-03 13:39:44",200,"{""data_failed"":[],""message"":""Success""}","2021-08-03 13:39:57",Update
201185,"2021-08-03 13:39:27","2021-08-03 13:39:32",200,"{""data_failed"":[],""message"":""Success""}","2021-08-03 13:39:44",Update
201186,"2021-08-03 13:38:56","2021-08-03 13:38:59",200,"{""data_failed"":[],""message"":""Success""}","2021-08-03 13:39:12",Update
201188,"2021-08-03 13:38:57","2021-08-03 13:39:00",200,"{""data_failed"":[],""message"":""Success""}","2021-08-03 13:39:13",Update
201190,"2021-08-03 13:40:59","2021-08-03 13:41:02",null,null,null,"Temp Error (72,3000)"
201191,"2021-08-03 13:36:44","2021-08-03 13:37:12",200,"{""data_failed"":[],""message"":""Success""}","2021-08-03 13:37:48",Update
201192,"2021-08-03 13:40:20","2021-08-03 13:40:23",200,"{""data_failed"":[],""message"":""Success""}","2021-08-03 13:40:45",Update
201193,"2021-06-03 14:30:07","2021-06-03 14:30:09.59","Api null","Api null","Api null","Battery Power Low (66,4) (api null)"
201194,"2021-08-03 13:42:27","2021-08-03 13:42:30",200,"{""data_failed"":[],""message"":""Success""}","2021-08-03 13:42:46",Update
201195,"2021-08-03 13:42:19","2021-08-03 13:42:22",200,"{""data_failed"":[],""message"":""Success""}","2021-08-03 13:42:42",Update
201196,"2021-08-03 13:41:56","2021-08-03 13:41:58",200,"{""data_failed"":[],""message"":""Success""}","2021-08-03 13:42:10",Update
201197,"2021-08-03 13:41:53","2021-08-03 13:41:55",200,"{""data_failed"":[],""message"":""Success""}","2021-08-03 13:42:09",Update
201198,"2021-08-03 13:41:51","2021-08-03 13:41:55",200,"{""data_failed"":[],""message"":""Success""}","2021-08-03 13:42:02",Update
201199,"2021-08-03 13:39:00","2021-08-03 13:39:14",200,"{""data_failed"":[],""message"":""Success""}","2021-08-03 13:39:36",Update
201200,"2021-08-03 13:41:49","2021-08-03 13:41:52",200,"{""data_failed"":[],""message"":""Success""}","2021-08-03 13:41:59",Update
201201,"2021-08-03 13:42:22","2021-08-03 13:42:24",200,"{""data_failed"":[],""message"":""Success""}","2021-08-03 13:42:44",Update
201202,"2021-08-03 13:36:38","2021-08-03 13:37:14",200,"{""data_failed"":[],""message"":""Success""}","2021-08-03 13:37:34",Update
201204,"2021-08-03 13:41:43","2021-08-03 13:41:47",200,"{""data_failed"":[],""message"":""Success""}","2021-08-03 13:41:58",Update
201205,"2021-08-03 13:41:41","2021-08-03 13:41:43",200,"{""data_failed"":[],""message"":""Success""}","2021-08-03 13:41:49",Update
201206,"2021-08-03 13:41:49","2021-08-03 13:41:52",200,"{""data_failed"":[],""message"":""Success""}","2021-08-03 13:42:02",Update
201207,"2021-08-03 13:41:48","2021-08-03 13:41:52",200,"{""data_failed"":[],""message"":""Success""}","2021-08-03 13:42:00",Update
201208,"2021-07-09 09:54:57","2021-07-09 09:59:14.837","Api null","Api null","Api null","CPU Reset"
201209,"2021-08-03 13:42:02","2021-08-03 13:42:04",200,"{""data_failed"":[],""message"":""Success""}","2021-08-03 13:42:21",Update
201210,"2021-06-30 05:22:06","2021-06-30 05:22:09.724","Api null","Api null","Api null","CPU Reset"
201212,"2021-08-03 13:42:50","2021-08-03 13:42:53",200,"{""data_failed"":[],""message"":""Success""}","2021-08-03 13:43:07",Update
201214,"2021-08-03 13:42:38","2021-08-03 13:42:42",200,"{""data_failed"":[],""message"":""Success""}","2021-08-03 13:42:54",Update
201215,"2021-08-03 13:42:01","2021-08-03 13:42:06",200,"{""data_failed"":[],""message"":""Success""}","2021-08-03 13:42:21",Update
201216,"2021-07-19 08:34:24","2021-07-19 08:34:27.045","Api null","Api null","Api null","CPU Reset"
201218,"2021-08-03 13:42:42","2021-08-03 13:42:45",200,"{""data_failed"":[],""message"":""Success""}","2021-08-03 13:43:05",Update
201219,"2021-08-03 13:42:54","2021-08-03 13:42:56",200,"{""data_failed"":[],""message"":""Success""}","2021-08-03 13:43:18",Update
201220,"2021-08-03 13:42:47","2021-08-03 13:42:50",200,"{""data_failed"":[],""message"":""Success""}","2021-08-03 13:43:05",Update
201221,"2021-08-03 13:42:58","2021-08-03 13:43:02",200,"{""data_failed"":[],""message"":""Success""}","2021-08-03 13:43:18",Update
201222,"2021-08-03 13:39:40","2021-08-03 13:39:59",200,"{""data_failed"":[],""message"":""Success""}","2021-08-03 13:40:09",Update
201223,"2021-08-03 13:42:54","2021-08-03 13:42:57",200,"{""data_failed"":[],""message"":""Success""}","2021-08-03 13:43:17",Update
201224,"2021-08-03 13:42:41","2021-08-03 13:42:45",200,"{""data_failed"":[],""message"":""Success""}","2021-08-03 13:43:05",Update
201225,"2021-08-03 13:42:43","2021-08-03 13:42:46",200,"{""data_failed"":[],""message"":""Success""}","2021-08-03 13:43:05",Update
201226,"2021-08-03 13:42:49","2021-08-03 13:42:52",200,"{""data_failed"":[],""message"":""Success""}","2021-08-03 13:43:08",Update
201228,"2021-08-03 13:42:18","2021-08-03 13:42:39",200,"{""data_failed"":[],""message"":""Success""}","2021-08-03 13:42:53",Update
201229,"2021-08-03 13:42:12","2021-08-03 13:42:15",200,"{""data_failed"":[],""message"":""Success""}","2021-08-03 13:42:32",Update
201230,"2021-08-03 13:42:50","2021-08-03 13:42:53",200,"{""data_failed"":[],""message"":""Success""}","2021-08-03 13:43:08",Update
201231,"2021-08-03 13:42:16","2021-08-03 13:42:19",200,"{""data_failed"":[],""message"":""Success""}","2021-08-03 13:42:35",Update
201232,"2021-07-28 17:06:22","2021-07-28 17:06:24",200,"{""data_failed"":[],""message"":""Success""}","2021-07-28 17:06:34","Battery Power Low (66,0)"
201233,"2021-07-14 10:57:32","2021-07-14 10:57:36.793","Api null","Api null","Api null","Battery Power Low (66,6354) (api null)"
201234,"2021-08-03 13:43:36","2021-08-03 13:43:38",200,"{""data_failed"":[],""message"":""Success""}","2021-08-03 13:43:50",Update
201236,"2021-08-03 13:43:21","2021-08-03 13:43:24",200,"{""data_failed"":[],""message"":""Success""}","2021-08-03 13:43:40",Update
201237,"2021-08-03 13:43:15","2021-08-03 13:43:17",200,"{""data_failed"":[],""message"":""Success""}","2021-08-03 13:43:31",Update
201238,"2021-08-03 13:43:10","2021-08-03 13:43:12",200,"{""data_failed"":[],""message"":""Success""}","2021-08-03 13:43:28",Update
201239,"2021-08-03 13:43:13","2021-08-03 13:43:15",200,"{""data_failed"":[],""message"":""Success""}","2021-08-03 13:43:30",Update
201240,"2021-08-03 13:27:47","2021-08-03 13:27:49",200,"{""data_failed"":[],""message"":""Success""}","2021-08-03 13:28:01",Update
201241,"2021-07-26 13:51:13","2021-07-26 13:51:17",200,"{""data_failed"":[],""message"":""Success""}","2021-07-26 13:51:48","CPU Reset"
201242,"2021-08-03 13:43:35","2021-08-03 13:43:38",200,"{""data_failed"":[],""message"":""Success""}","2021-08-03 13:43:50",Update
201243,"2021-08-03 13:43:22","2021-08-03 13:43:24",200,"{""data_failed"":[],""message"":""Success""}","2021-08-03 13:43:40",Update
201244,"2021-08-03 13:43:46","2021-08-03 13:43:50",200,"{""data_failed"":[],""message"":""Success""}","2021-08-03 13:44:12",Update
201245,"2021-08-03 13:43:10","2021-08-03 13:43:13",200,"{""data_failed"":[],""message"":""Success""}","2021-08-03 13:43:31",Update
201246,"2021-07-26 19:40:40","2021-07-26 19:40:43",200,"{""data_failed"":[],""message"":""Success""}","2021-07-26 19:40:57","Battery Power Low (66,0)"
201247,"2021-07-26 19:41:39","2021-07-26 19:41:42",200,"{""data_failed"":[],""message"":""Success""}","2021-07-26 19:41:59","CPU Reset"
201248,"2021-07-30 10:31:05","2021-07-30 10:31:09",200,"{""data_failed"":[],""message"":""Success""}","2021-07-30 10:31:19","Battery Power Low (66,4322)"
201249,"2021-08-03 13:44:40","2021-08-03 13:44:43",200,"{""data_failed"":[],""message"":""Success""}","2021-08-03 13:44:58",Update
201251,"2021-07-19 17:09:45","2021-07-19 17:09:47",200,"{""data_failed"":[],""message"":""Success""}","2021-07-19 17:10:04","Battery Power Low (66,0)"
201252,"2021-07-05 03:37:24","2021-07-05 03:37:28.362","Api null","Api null","Api null","Battery Power Low (66,5407) (api null)"
201253,"2021-08-03 13:46:34","2021-08-03 13:46:37",200,"{""data_failed"":[],""message"":""Success""}","2021-08-03 13:46:50",Update
201254,"2021-08-03 13:46:02","2021-08-03 13:46:08",200,"{""data_failed"":[],""message"":""Success""}","2021-08-03 13:46:26",Update
201256,"2021-07-15 18:54:58","2021-07-15 20:36:02.704","Api null","Api null","Api null","Battery Power Low (66,4956) (api null)"
201258,"2021-08-03 13:46:29","2021-08-03 13:46:32",200,"{""data_failed"":[],""message"":""Success""}","2021-08-03 13:46:48",Update
201260,"2021-08-03 13:46:29","2021-08-03 13:46:31",200,"{""data_failed"":[],""message"":""Success""}","2021-08-03 13:46:48",Update
201261,"2021-08-03 13:44:40","2021-08-03 13:44:42",200,"{""data_failed"":[],""message"":""Success""}","2021-08-03 13:45:00",Update
201263,"2021-08-03 13:46:30","2021-08-03 13:46:33",200,"{""data_failed"":[],""message"":""Success""}","2021-08-03 13:46:48",Update
201264,"2021-08-03 13:45:59","2021-08-03 13:46:03",200,"{""data_failed"":[],""message"":""Success""}","2021-08-03 13:46:18",Update
201265,"2021-08-03 13:46:06","2021-08-03 13:46:11",200,"{""data_failed"":[],""message"":""Success""}","2021-08-03 13:46:26",Update
201266,"2021-08-03 13:45:40","2021-08-03 13:45:43",200,"{""data_failed"":[],""message"":""Success""}","2021-08-03 13:45:54",Update
201267,"2021-08-03 13:45:51","2021-08-03 13:45:56",200,"{""data_failed"":[],""message"":""Success""}","2021-08-03 13:46:17",Update
201268,"2021-08-03 13:46:22","2021-08-03 13:46:25",200,"{""data_failed"":[],""message"":""Success""}","2021-08-03 13:46:40",Update
201269,"2021-08-03 13:46:17","2021-08-03 13:46:23",200,"{""data_failed"":[],""message"":""Success""}","2021-08-03 13:46:37",Update
201270,"2021-08-03 13:45:47","2021-08-03 13:45:53",200,"{""data_failed"":[],""message"":""Success""}","2021-08-03 13:46:14",Update
201271,"2021-07-17 12:49:45","2021-07-17 12:49:50.723","Api null","Api null","Api null","CPU Reset"
201272,"2021-08-03 13:45:59","2021-08-03 13:46:02",200,"{""data_failed"":[],""message"":""Success""}","2021-08-03 13:46:16",Update
202001,"2021-08-03 13:46:18","2021-08-03 13:46:22",200,"{""data_failed"":[],""message"":""Success""}","2021-08-03 13:46:40",Update
202002,"2021-08-03 13:46:37","2021-08-03 13:46:40",200,"{""data_failed"":[],""message"":""Success""}","2021-08-03 13:46:51",Update
202003,"2021-08-03 13:46:14","2021-08-03 13:46:16",200,"{""data_failed"":[],""message"":""Success""}","2021-08-03 13:46:28",Update
202004,"2021-08-03 13:46:13","2021-08-03 13:46:16",200,"{""data_failed"":[],""message"":""Success""}","2021-08-03 13:46:27",Update
202005,"2021-08-03 13:46:29","2021-08-03 13:46:31",200,"{""data_failed"":[],""message"":""Success""}","2021-08-03 13:46:48",Update
202006,"2021-08-03 13:46:35","2021-08-03 13:46:39",200,"{""data_failed"":[],""message"":""Success""}","2021-08-03 13:46:50",Update
202007,"2021-08-03 12:47:46","2021-08-03 12:47:49",200,"{""data_failed"":[],""message"":""Success""}","2021-08-03 12:48:06",Update
202009,"2021-08-03 13:46:00","2021-08-03 13:46:03",200,"{""data_failed"":[],""message"":""Success""}","2021-08-03 13:46:17",Update
202010,"2021-08-03 13:46:37","2021-08-03 13:46:41",200,"{""data_failed"":[],""message"":""Success""}","2021-08-03 13:46:59",Update
202011,"2021-08-03 13:45:56","2021-08-03 13:45:59",200,"{""data_failed"":[],""message"":""Success""}","2021-08-03 13:46:18",Update
202012,"2021-08-02 08:04:13","2021-08-02 08:04:17",200,"{""data_failed"":[],""message"":""Success""}","2021-08-02 08:04:36","CPU Reset"
202013,"2021-08-03 13:46:50","2021-08-03 13:46:53",200,"{""data_failed"":[],""message"":""Success""}","2021-08-03 13:47:10",Update
202014,"2021-06-14 11:38:08.75","2021-06-14 11:38:11.19","Api null","Api null","Api null","Battery Power Low (66,6012) (api null)"
202015,"2021-08-03 13:47:25","2021-08-03 13:47:28",200,"{""data_failed"":[],""message"":""Success""}","2021-08-03 13:47:35",Update
202016,"2021-08-03 13:47:19","2021-08-03 13:47:22",200,"{""data_failed"":[],""message"":""Success""}","2021-08-03 13:47:32",Update
202017,"2021-08-03 13:46:54","2021-08-03 13:46:58",200,"{""data_failed"":[],""message"":""Success""}","2021-08-03 13:47:10",Update
202018,"2021-08-03 13:46:25","2021-08-03 13:46:33",200,"{""data_failed"":[],""message"":""Success""}","2021-08-03 13:46:50",Update
202019,"2021-08-03 13:40:37","2021-08-03 13:40:52",200,"{""data_failed"":[],""message"":""Success""}","2021-08-03 13:41:02",Update
202020,"2021-07-27 14:38:45","2021-07-27 14:38:48",200,"{""data_failed"":[],""message"":""Success""}","2021-07-27 14:39:07","CPU Reset"
202021,"2021-08-03 13:46:50","2021-08-03 13:47:09",200,"{""data_failed"":[],""message"":""Success""}","2021-08-03 13:47:21",Update
202022,"2021-08-03 13:46:01","2021-08-03 13:46:04",200,"{""data_failed"":[],""message"":""Success""}","2021-08-03 13:46:19",Update
202023,"2021-08-03 13:47:00","2021-08-03 13:47:02",200,"{""data_failed"":[],""message"":""Success""}","2021-08-03 13:47:17",Update
202024,"2021-08-03 13:46:44","2021-08-03 13:46:46",200,"{""data_failed"":[],""message"":""Success""}","2021-08-03 13:47:01",Update
202025,"2021-08-03 13:44:07","2021-08-03 13:44:22",200,"{""data_failed"":[],""message"":""Success""}","2021-08-03 13:44:34",Update
202026,"2021-08-03 13:47:00","2021-08-03 13:47:03",200,"{""data_failed"":[],""message"":""Success""}","2021-08-03 13:47:17",Update
202027,"2021-08-03 13:47:30","2021-08-03 13:47:34",200,"{""data_failed"":[],""message"":""Success""}","2021-08-03 13:47:55",Update
202028,"2021-08-03 13:47:04","2021-08-03 13:47:07",200,"{""data_failed"":[],""message"":""Success""}","2021-08-03 13:47:22",Update
202029,"2021-08-03 13:47:05","2021-08-03 13:47:22",200,"{""data_failed"":[],""message"":""Success""}","2021-08-03 13:47:32",Update
202030,"2021-08-03 13:47:02","2021-08-03 13:47:06",200,"{""data_failed"":[],""message"":""Success""}","2021-08-03 13:47:21",Update
202032,"2021-08-03 13:47:13","2021-08-03 13:47:16",200,"{""data_failed"":[],""message"":""Success""}","2021-08-03 13:47:23",Update
202033,"2021-08-03 13:47:05","2021-08-03 13:47:08",200,"{""data_failed"":[],""message"":""Success""}","2021-08-03 13:47:21",Update
202035,"2021-08-03 13:47:17","2021-08-03 13:47:20",200,"{""data_failed"":[],""message"":""Success""}","2021-08-03 13:47:32",Update
202036,"2021-08-03 13:47:14","2021-08-03 13:47:17",200,"{""data_failed"":[],""message"":""Success""}","2021-08-03 13:47:24",Update
202037,"2021-08-03 13:44:11","2021-08-03 13:44:26",200,"{""data_failed"":[],""message"":""Success""}","2021-08-03 13:44:48",Update
202038,"2021-08-03 13:47:26","2021-08-03 13:47:29",200,"{""data_failed"":[],""message"":""Success""}","2021-08-03 13:47:43",Update
202039,"2021-08-03 13:46:51","2021-08-03 13:47:03",200,"{""data_failed"":[],""message"":""Success""}","2021-08-03 13:47:14",Update
202040,"2021-08-03 13:46:50","2021-08-03 13:46:53",200,"{""data_failed"":[],""message"":""Success""}","2021-08-03 13:47:11",Update
202041,"2021-08-03 13:46:53","2021-08-03 13:46:58",200,"{""data_failed"":[],""message"":""Success""}","2021-08-03 13:47:13",Update
202042,"2021-08-03 04:24:45","2021-08-03 04:24:58",200,"{""data_failed"":[],""message"":""Success""}","2021-08-03 04:25:11",Update
202043,"2021-08-03 13:47:36","2021-08-03 13:47:40",200,"{""data_failed"":[],""message"":""Success""}","2021-08-03 13:47:54",Update
202044,"2021-08-03 13:47:06","2021-08-03 13:47:09",200,"{""data_failed"":[],""message"":""Success""}","2021-08-03 13:47:21",Update
202045,"2021-08-03 13:47:19","2021-08-03 13:47:25",200,"{""data_failed"":[],""message"":""Success""}","2021-08-03 13:47:34",Update
202046,"2021-08-03 13:47:43","2021-08-03 13:47:47",200,"{""data_failed"":[],""message"":""Success""}","2021-08-03 13:48:05",Update
202047,"2021-08-03 13:47:16","2021-08-03 13:47:20",200,"{""data_failed"":[],""message"":""Success""}","2021-08-03 13:47:32",Update
202048,"2021-08-03 13:46:03","2021-08-03 13:46:23",200,"{""data_failed"":[],""message"":""Success""}","2021-08-03 13:46:42",Update
202049,"2021-08-03 13:47:11","2021-08-03 13:47:14",200,"{""data_failed"":[],""message"":""Success""}","2021-08-03 13:47:23",Update
202050,"2021-08-03 13:47:12","2021-08-03 13:47:15",200,"{""data_failed"":[],""message"":""Success""}","2021-08-03 13:47:24",Update
202051,"2021-08-03 13:47:32","2021-08-03 13:47:36",200,"{""data_failed"":[],""message"":""Success""}","2021-08-03 13:47:54",Update
202052,"2021-08-03 13:47:01","2021-08-03 13:47:03",200,"{""data_failed"":[],""message"":""Success""}","2021-08-03 13:47:16",Update
202053,"2021-08-03 13:42:38","2021-08-03 13:43:00",200,"{""data_failed"":[],""message"":""Success""}","2021-08-03 13:43:22",Update
202054,"2021-08-03 13:47:28","2021-08-03 13:47:32",200,"{""data_failed"":[],""message"":""Success""}","2021-08-03 13:47:45",Update
202055,"2021-08-03 13:46:58","2021-08-03 13:47:01",200,"{""data_failed"":[],""message"":""Success""}","2021-08-03 13:47:15",Update
202056,"2021-08-03 13:46:55","2021-08-03 13:46:58",200,"{""data_failed"":[],""message"":""Success""}","2021-08-03 13:47:12",Update
202057,"2021-08-03 13:46:57","2021-08-03 13:47:01",200,"{""data_failed"":[],""message"":""Success""}","2021-08-03 13:47:13",Update
202059,"2021-08-03 13:47:43","2021-08-03 13:47:46",200,"{""data_failed"":[],""message"":""Success""}","2021-08-03 13:48:08",Update
202060,"2021-08-03 13:47:38","2021-08-03 13:47:41",200,"{""data_failed"":[],""message"":""Success""}","2021-08-03 13:47:56",Update
202061,"2021-08-03 13:46:48","2021-08-03 13:46:51",200,"{""data_failed"":[],""message"":""Success""}","2021-08-03 13:47:03",Update
202062,"2021-08-03 13:46:59","2021-08-03 13:47:05",200,"{""data_failed"":[],""message"":""Success""}","2021-08-03 13:47:13",Update
202063,"2021-08-03 13:46:46","2021-08-03 13:46:51",200,"{""data_failed"":[],""message"":""Success""}","2021-08-03 13:47:02",Update
202064,"2021-08-03 13:47:03","2021-08-03 13:47:06",200,"{""data_failed"":[],""message"":""Success""}","2021-08-03 13:47:21",Update
202065,"2021-08-03 13:47:30","2021-08-03 13:47:33",200,"{""data_failed"":[],""message"":""Success""}","2021-08-03 13:47:54",Update
202066,"2021-08-03 13:47:25","2021-08-03 13:47:31",200,"{""data_failed"":[],""message"":""Success""}","2021-08-03 13:47:44",Update
202067,"2021-08-03 13:47:11","2021-08-03 13:47:15",200,"{""data_failed"":[],""message"":""Success""}","2021-08-03 13:47:23",Update
202068,"2021-08-03 13:47:31","2021-08-03 13:47:34",200,"{""data_failed"":[],""message"":""Success""}","2021-08-03 13:47:55",Update
202069,"2021-08-03 13:46:59","2021-08-03 13:47:01",200,"{""data_failed"":[],""message"":""Success""}","2021-08-03 13:47:15",Update
202070,"2021-08-03 13:47:44","2021-08-03 13:47:48",200,"{""data_failed"":[],""message"":""Success""}","2021-08-03 13:48:07",Update
202071,"2021-08-03 13:47:35","2021-08-03 13:47:38",200,"{""data_failed"":[],""message"":""Success""}","2021-08-03 13:47:56",Update
202072,"2021-08-03 13:47:03","2021-08-03 13:47:06",200,"{""data_failed"":[],""message"":""Success""}","2021-08-03 13:47:21",Update
202073,"2021-08-03 13:47:09","2021-08-03 13:47:12",200,"{""data_failed"":[],""message"":""Success""}","2021-08-03 13:47:23",Update
202074,"2021-08-03 13:46:39","2021-08-03 13:46:43",200,"{""data_failed"":[],""message"":""Success""}","2021-08-03 13:47:00",Update
202077,"2021-08-03 13:46:52","2021-08-03 13:46:56",200,"{""data_failed"":[],""message"":""Success""}","2021-08-03 13:47:12",Update
202078,"2021-08-03 13:47:21","2021-08-03 13:47:24",200,"{""data_failed"":[],""message"":""Success""}","2021-08-03 13:47:32",Update
202079,"2021-08-02 19:39:11","2021-08-02 19:39:14",200,"{""data_failed"":[],""message"":""Success""}","2021-08-02 19:39:36","CPU Reset"
202080,"2021-08-03 13:47:01","2021-08-03 13:47:44",200,"{""data_failed"":[],""message"":""Success""}","2021-08-03 13:48:12",Update
202083,"2021-08-03 13:47:37","2021-08-03 13:47:39",200,"{""data_failed"":[],""message"":""Success""}","2021-08-03 13:47:55",Update
202084,"2021-08-03 13:47:06","2021-08-03 13:47:09",200,"{""data_failed"":[],""message"":""Success""}","2021-08-03 13:47:23",Update
202085,"2021-08-03 13:47:01","2021-08-03 13:47:05",200,"{""data_failed"":[],""message"":""Success""}","2021-08-03 13:47:12",Update
202086,"2021-08-03 13:47:28","2021-08-03 13:47:31",200,"{""data_failed"":[],""message"":""Success""}","2021-08-03 13:47:45",Update
202087,"2021-08-03 13:47:48","2021-08-03 13:47:52",200,"{""data_failed"":[],""message"":""Success""}","2021-08-03 13:48:09",Update
202088,"2021-08-03 13:47:32","2021-08-03 13:47:36",200,"{""data_failed"":[],""message"":""Success""}","2021-08-03 13:47:55",Update
202090,"2021-08-03 13:47:20","2021-08-03 13:47:23",200,"{""data_failed"":[],""message"":""Success""}","2021-08-03 13:47:32",Update
202091,"2021-08-03 12:23:23","2021-08-03 13:47:57",200,"{""data_failed"":[],""message"":""Success""}","2021-08-03 13:48:17",Update
202092,"2021-08-03 13:47:40","2021-08-03 13:47:42",200,"{""data_failed"":[],""message"":""Success""}","2021-08-03 13:48:13",Update
202093,"2021-08-03 13:47:34","2021-08-03 13:47:38",200,"{""data_failed"":[],""message"":""Success""}","2021-08-03 13:47:57",Update
202094,"2021-08-03 13:47:13","2021-08-03 13:47:17",200,"{""data_failed"":[],""message"":""Success""}","2021-08-03 13:47:26",Update
202095,"2021-08-03 13:47:11","2021-08-03 13:47:14",200,"{""data_failed"":[],""message"":""Success""}","2021-08-03 13:47:26",Update
202096,"2021-08-03 13:47:25","2021-08-03 13:47:28",200,"{""data_failed"":[],""message"":""Success""}","2021-08-03 13:47:36",Update
202097,"2021-08-03 13:47:11","2021-08-03 13:47:13",200,"{""data_failed"":[],""message"":""Success""}","2021-08-03 13:47:26",Update
202098,"2021-08-03 13:38:29","2021-08-03 13:38:35",200,"{""data_failed"":[],""message"":""Success""}","2021-08-03 13:38:57",Update
202099,"2021-08-03 13:47:47","2021-08-03 13:47:50",200,"{""data_failed"":[],""message"":""Success""}","2021-08-03 13:48:14",Update
202100,"2021-08-03 13:47:42","2021-08-03 13:47:45",200,"{""data_failed"":[],""message"":""Success""}","2021-08-03 13:48:14",Update
202101,"2021-08-02 20:36:18","2021-08-02 20:36:25",200,"{""data_failed"":[],""message"":""Success""}","2021-08-02 20:36:35","CPU Reset"
202102,"2021-08-03 13:47:41","2021-08-03 13:47:45",200,"{""data_failed"":[],""message"":""Success""}","2021-08-03 13:48:04",Update
202103,"2021-08-03 13:47:10","2021-08-03 13:47:13",200,"{""data_failed"":[],""message"":""Success""}","2021-08-03 13:47:24",Update
202104,"2021-08-03 13:47:04","2021-08-03 13:47:08",200,"{""data_failed"":[],""message"":""Success""}","2021-08-03 13:47:23",Update
202105,"2021-08-03 13:47:49","2021-08-03 13:47:51",200,"{""data_failed"":[],""message"":""Success""}","2021-08-03 13:48:10",Update
202106,"2021-08-03 13:47:23","2021-08-03 13:47:26",200,"{""data_failed"":[],""message"":""Success""}","2021-08-03 13:47:33",Update
202108,"2021-08-03 13:47:46","2021-08-03 13:47:49",200,"{""data_failed"":[],""message"":""Success""}","2021-08-03 13:48:09",Update
202109,"2021-08-03 13:47:49","2021-08-03 13:47:51",200,"{""data_failed"":[],""message"":""Success""}","2021-08-03 13:48:12",Update
202110,"2021-08-03 13:47:17","2021-08-03 13:47:20",200,"{""data_failed"":[],""message"":""Success""}","2021-08-03 13:47:33",Update
202112,"2021-08-03 13:47:52","2021-08-03 13:47:54",200,"{""data_failed"":[],""message"":""Success""}","2021-08-03 13:48:16",Update
202113,"2021-08-03 13:47:58","2021-08-03 13:48:01",200,"{""data_failed"":[],""message"":""Success""}","2021-08-03 13:48:19",Update
202115,"2021-08-03 13:46:55","2021-08-03 13:46:57",200,"{""data_failed"":[],""message"":""Success""}","2021-08-03 13:47:12",Update
202117,"2021-08-03 13:47:28","2021-08-03 13:47:30",200,"{""data_failed"":[],""message"":""Success""}","2021-08-03 13:47:43",Update
202118,"2021-08-03 13:48:00","2021-08-03 13:48:04",200,"{""data_failed"":[],""message"":""Success""}","2021-08-03 13:48:20",Update
202119,"2021-08-03 13:47:08","2021-08-03 13:47:11",200,"{""data_failed"":[],""message"":""Success""}","2021-08-03 13:47:23",Update
202120,"2021-08-03 13:30:53","2021-08-03 13:30:57",200,"{""data_failed"":[],""message"":""Success""}","2021-08-03 13:31:13",Update
202121,"2021-08-03 13:47:44","2021-08-03 13:47:47",200,"{""data_failed"":[],""message"":""Success""}","2021-08-03 13:48:11",Update
202122,"2021-08-03 13:47:07","2021-08-03 13:47:09",200,"{""data_failed"":[],""message"":""Success""}","2021-08-03 13:47:21",Update
202123,"2021-08-03 13:47:26","2021-08-03 13:47:30",200,"{""data_failed"":[],""message"":""Success""}","2021-08-03 13:47:45",Update
202124,"2021-08-03 13:47:38","2021-08-03 13:47:40",200,"{""data_failed"":[],""message"":""Success""}","2021-08-03 13:47:54",Update
202125,"2021-08-03 13:45:15","2021-08-03 13:45:18",200,"{""data_failed"":[],""message"":""Success""}","2021-08-03 13:45:31",Update
202126,"2021-08-03 13:47:45","2021-08-03 13:47:48",200,"{""data_failed"":[],""message"":""Success""}","2021-08-03 13:48:11",Update
202127,"2021-08-03 13:47:53","2021-08-03 13:47:56",200,"{""data_failed"":[],""message"":""Success""}","2021-08-03 13:48:16",Update
202128,"2021-08-03 13:47:47","2021-08-03 13:47:49",200,"{""data_failed"":[],""message"":""Success""}","2021-08-03 13:48:11",Update
202129,"2021-08-03 13:47:43","2021-08-03 13:47:46",200,"{""data_failed"":[],""message"":""Success""}","2021-08-03 13:48:09",Update
202130,"2021-08-03 13:47:59","2021-08-03 13:48:01",200,"{""data_failed"":[],""message"":""Success""}","2021-08-03 13:48:17",Update
202131,"2021-08-03 13:47:30","2021-08-03 13:47:33",200,"{""data_failed"":[],""message"":""Success""}","2021-08-03 13:47:57",Update
202132,"2021-08-03 13:47:51","2021-08-03 13:47:53",200,"{""data_failed"":[],""message"":""Success""}","2021-08-03 13:48:10",Update
202133,"2021-08-03 13:47:25","2021-08-03 13:47:29",200,"{""data_failed"":[],""message"":""Success""}","2021-08-03 13:47:43",Update
202134,"2021-07-08 12:39:04","2021-07-08 12:39:06.679","Api null","Api null","Api null","CPU Reset"
202135,"2021-08-03 13:47:17","2021-08-03 13:47:19",200,"{""data_failed"":[],""message"":""Success""}","2021-08-03 13:47:33",Update
202136,"2021-08-03 13:47:33","2021-08-03 13:47:36",200,"{""data_failed"":[],""message"":""Success""}","2021-08-03 13:47:58",Update
202137,"2021-08-03 13:42:09","2021-08-03 13:48:19",200,"{""data_failed"":[],""message"":""Success""}","2021-08-03 13:48:40",Update
202138,"2021-08-03 13:48:01","2021-08-03 13:48:04",200,"{""data_failed"":[],""message"":""Success""}","2021-08-03 13:48:21",Update
202139,"2021-08-03 13:47:44","2021-08-03 13:47:47",200,"{""data_failed"":[],""message"":""Success""}","2021-08-03 13:48:05",Update
202140,"2021-08-03 13:48:10","2021-08-03 13:48:12",200,"{""data_failed"":[],""message"":""Success""}","2021-08-03 13:48:29",Update
202141,"2021-08-03 13:47:44","2021-08-03 13:47:47",200,"{""data_failed"":[],""message"":""Success""}","2021-08-03 13:48:09",Update
202142,"2021-08-03 13:48:02","2021-08-03 13:48:05",200,"{""data_failed"":[],""message"":""Success""}","2021-08-03 13:48:18",Update
202143,"2021-08-03 13:47:58","2021-08-03 13:48:17",200,"{""data_failed"":[],""message"":""Success""}","2021-08-03 13:48:40",Update
202144,"2021-08-03 13:47:42","2021-08-03 13:47:46",200,"{""data_failed"":[],""message"":""Success""}","2021-08-03 13:48:06",Update
202145,"2021-08-03 13:47:28","2021-08-03 13:47:32",200,"{""data_failed"":[],""message"":""Success""}","2021-08-03 13:47:45",Update
202146,"2021-08-03 13:47:25","2021-08-03 13:47:28",200,"{""data_failed"":[],""message"":""Success""}","2021-08-03 13:47:34",Update
202147,"2021-08-03 13:47:19","2021-08-03 13:47:22",200,"{""data_failed"":[],""message"":""Success""}","2021-08-03 13:47:33",Update
202149,"2021-08-03 13:47:45","2021-08-03 13:47:47",200,"{""data_failed"":[],""message"":""Success""}","2021-08-03 13:48:10",Update
202150,"2021-08-03 13:47:36","2021-08-03 13:47:39",200,"{""data_failed"":[],""message"":""Success""}","2021-08-03 13:47:54",Update
202151,"2021-08-03 13:47:32","2021-08-03 13:47:36",200,"{""data_failed"":[],""message"":""Success""}","2021-08-03 13:47:54",Update
202152,"2021-08-03 13:47:24","2021-08-03 13:47:26",200,"{""data_failed"":[],""message"":""Success""}","2021-08-03 13:47:34",Update
202153,"2021-08-03 13:48:20","2021-08-03 13:48:22",200,"{""data_failed"":[],""message"":""Success""}","2021-08-03 13:48:41",Update
202154,"2021-08-03 13:47:31","2021-08-03 13:47:34",200,"{""data_failed"":[],""message"":""Success""}","2021-08-03 13:47:54",Update
202155,"2021-08-03 13:47:23","2021-08-03 13:47:26",200,"{""data_failed"":[],""message"":""Success""}","2021-08-03 13:47:33",Update
202156,"2021-08-03 13:48:04","2021-08-03 13:48:09",200,"{""data_failed"":[],""message"":""Success""}","2021-08-03 13:48:29",Update
202157,"2021-08-03 13:47:56","2021-08-03 13:48:00",200,"{""data_failed"":[],""message"":""Success""}","2021-08-03 13:48:18",Update
202158,"2021-08-03 13:47:33","2021-08-03 13:47:35",200,"{""data_failed"":[],""message"":""Success""}","2021-08-03 13:47:55",Update
202159,"2021-08-03 11:41:17","2021-08-03 11:41:19",200,"{""data_failed"":[],""message"":""Success""}","2021-08-03 11:41:36",Update
202160,"2021-08-03 13:48:24","2021-08-03 13:48:26",200,"{""data_failed"":[],""message"":""Success""}","2021-08-03 13:48:41",Update
202161,"2021-08-03 13:47:41","2021-08-03 13:47:44",200,"{""data_failed"":[],""message"":""Success""}","2021-08-03 13:48:10",Update
202162,"2021-08-03 13:19:12","2021-08-03 13:19:21",200,"{""data_failed"":[],""message"":""Success""}","2021-08-03 13:19:34",Update
202163,"2021-08-03 13:48:11","2021-08-03 13:48:14",200,"{""data_failed"":[],""message"":""Success""}","2021-08-03 13:48:29",Update
202164,"2021-08-03 13:47:29","2021-08-03 13:47:31",200,"{""data_failed"":[],""message"":""Success""}","2021-08-03 13:47:45",Update
202165,"2021-08-03 13:47:51","2021-08-03 13:47:54",200,"{""data_failed"":[],""message"":""Success""}","2021-08-03 13:48:10",Update
202166,"2021-07-25 10:12:36","2021-07-25 10:12:38",200,"{""data_failed"":[],""message"":""Success""}","2021-07-25 10:12:55","Battery Power Low (66,3)"
202167,"2021-08-03 13:48:31","2021-08-03 13:48:34",200,"{""data_failed"":[],""message"":""Success""}","2021-08-03 13:48:55",Update
202168,"2021-08-03 13:49:12","2021-08-03 13:49:15",200,"{""data_failed"":[],""message"":""Success""}","2021-08-03 13:49:31",Update
202169,"2021-08-03 13:49:00","2021-08-03 13:49:02",200,"{""data_failed"":[],""message"":""Success""}","2021-08-03 13:49:19",Update
202170,"2021-08-03 13:48:26","2021-08-03 13:48:29",200,"{""data_failed"":[],""message"":""Success""}","2021-08-03 13:48:55",Update
202171,"2021-08-03 13:32:27","2021-08-03 13:44:54",200,"{""data_failed"":[],""message"":""Success""}","2021-08-03 13:45:10",Update
202172,"2021-08-03 13:31:38","2021-08-03 13:32:34",200,"{""data_failed"":[],""message"":""Success""}","2021-08-03 13:32:56",Update
202173,"2021-08-03 13:48:53","2021-08-03 13:48:55",200,"{""data_failed"":[],""message"":""Success""}","2021-08-03 13:49:23",Update
202174,"2021-08-03 13:48:40","2021-08-03 13:48:43",200,"{""data_failed"":[],""message"":""Success""}","2021-08-03 13:49:22",Update
202175,"2021-08-03 13:48:51","2021-08-03 13:48:54",200,"{""data_failed"":[],""message"":""Success""}","2021-08-03 13:49:23",Update
202176,"2021-08-03 13:48:41","2021-08-03 13:48:44",200,"{""data_failed"":[],""message"":""Success""}","2021-08-03 13:49:22",Update
202178,"2021-08-03 13:49:17","2021-08-03 13:49:20",200,"{""data_failed"":[],""message"":""Success""}","2021-08-03 13:49:30",Update
202179,"2021-08-03 13:49:22","2021-08-03 13:49:25",200,"{""data_failed"":[],""message"":""Success""}","2021-08-03 13:49:40",Update
202180,"2021-08-03 13:48:46","2021-08-03 13:48:48",200,"{""data_failed"":[],""message"":""Success""}","2021-08-03 13:49:22",Update
202181,"2021-08-03 13:49:17","2021-08-03 13:49:20",200,"{""data_failed"":[],""message"":""Success""}","2021-08-03 13:49:31",Update
202182,"2021-08-03 13:49:20","2021-08-03 13:49:23",200,"{""data_failed"":[],""message"":""Success""}","2021-08-03 13:49:40",Update
202183,"2021-08-03 13:49:13","2021-08-03 13:49:16",200,"{""data_failed"":[],""message"":""Success""}","2021-08-03 13:49:31",Update
202184,"2021-08-03 13:48:24","2021-08-03 13:48:27",200,"{""data_failed"":[],""message"":""Success""}","2021-08-03 13:48:43",Update
202185,"2021-08-03 13:48:59","2021-08-03 13:49:02",200,"{""data_failed"":[],""message"":""Success""}","2021-08-03 13:49:19",Update
202187,"2021-08-03 13:49:23","2021-08-03 13:49:26",200,"{""data_failed"":[],""message"":""Success""}","2021-08-03 13:49:41",Update
202188,"2021-08-03 13:49:05","2021-08-03 13:49:10",200,"{""data_failed"":[],""message"":""Success""}","2021-08-03 13:49:29",Update
202189,"2021-08-03 13:48:40","2021-08-03 13:48:43",200,"{""data_failed"":[],""message"":""Success""}","2021-08-03 13:49:04",Update
202190,"2021-08-03 13:48:41","2021-08-03 13:48:43",200,"{""data_failed"":[],""message"":""Success""}","2021-08-03 13:49:04",Update
202193,"2021-08-03 13:49:18","2021-08-03 13:49:21",200,"{""data_failed"":[],""message"":""Success""}","2021-08-03 13:49:40",Update
202195,"2021-08-03 09:08:55","2021-08-03 09:09:11",null,null,null,"Temp Error (72,3000)"
202196,"2021-08-03 13:49:54","2021-08-03 13:49:59",200,"{""data_failed"":[],""message"":""Success""}","2021-08-03 13:50:14",Update
202197,"2021-08-03 13:50:14","2021-08-03 13:50:16",200,"{""data_failed"":[],""message"":""Success""}","2021-08-03 13:50:27",Update
202198,"2021-08-03 13:49:48","2021-08-03 13:49:51",200,"{""data_failed"":[],""message"":""Success""}","2021-08-03 13:50:04",Update
202199,"2021-08-03 13:49:55","2021-08-03 13:50:02",200,"{""data_failed"":[],""message"":""Success""}","2021-08-03 13:50:16",Update
202200,"2021-08-03 13:50:07","2021-08-03 13:50:13",200,"{""data_failed"":[],""message"":""Success""}","2021-08-03 13:50:25",Update
202201,"2021-08-03 13:49:55","2021-08-03 13:49:57",200,"{""data_failed"":[],""message"":""Success""}","2021-08-03 13:50:18",Update
202203,"2021-08-03 13:49:30","2021-08-03 13:49:34",200,"{""data_failed"":[],""message"":""Success""}","2021-08-03 13:49:54",Update
202204,"2021-08-03 13:50:07","2021-08-03 13:50:10",200,"{""data_failed"":[],""message"":""Success""}","2021-08-03 13:50:26",Update
202205,"2021-08-03 13:50:27","2021-08-03 13:50:33",200,"{""data_failed"":[],""message"":""Success""}","2021-08-03 13:50:47",Update
202206,"2021-08-03 13:49:30","2021-08-03 13:49:33",200,"{""data_failed"":[],""message"":""Success""}","2021-08-03 13:49:54",Update
202207,"2021-08-03 13:50:14","2021-08-03 13:50:17",200,"{""data_failed"":[],""message"":""Success""}","2021-08-03 13:50:37",Update
202208,"2021-08-03 13:49:52","2021-08-03 13:49:54",200,"{""data_failed"":[],""message"":""Success""}","2021-08-03 13:50:16",Update
202209,"2021-08-03 13:50:12","2021-08-03 13:50:15",200,"{""data_failed"":[],""message"":""Success""}","2021-08-03 13:50:27",Update
202210,"2021-08-03 13:49:57","2021-08-03 13:50:00",200,"{""data_failed"":[],""message"":""Success""}","2021-08-03 13:50:19",Update
202211,"2021-06-30 16:13:41","2021-06-30 16:13:43.903","Api null","Api null","Api null","CPU Reset"
202212,"2021-07-15 06:59:37","2021-07-15 06:59:40.164","Api null","Api null","Api null","CPU Reset"
202213,"2021-08-03 13:49:44","2021-08-03 13:49:48",200,"{""data_failed"":[],""message"":""Success""}","2021-08-03 13:50:04",Update
202214,"2021-08-03 13:50:25","2021-08-03 13:50:27",200,"{""data_failed"":[],""message"":""Success""}","2021-08-03 13:50:39",Update
202215,"2021-08-03 13:50:22","2021-08-03 13:50:24",200,"{""data_failed"":[],""message"":""Success""}","2021-08-03 13:50:38",Update
202216,"2021-08-03 13:50:16","2021-08-03 13:50:19",200,"{""data_failed"":[],""message"":""Success""}","2021-08-03 13:50:38",Update
202217,"2021-08-03 13:50:05","2021-08-03 13:50:08",200,"{""data_failed"":[],""message"":""Success""}","2021-08-03 13:50:27",Update
202218,"2021-08-03 13:49:42","2021-08-03 13:49:58",200,"{""data_failed"":[],""message"":""Success""}","2021-08-03 13:50:17",Update
202220,"2021-07-11 04:37:14","2021-07-11 04:37:17.857","Api null","Api null","Api null","Battery Power Low (66,5616) (api null)"
202221,"2021-08-03 13:50:25","2021-08-03 13:50:28",200,"{""data_failed"":[],""message"":""Success""}","2021-08-03 13:50:38",Update
202222,"2021-08-03 13:50:18","2021-08-03 13:50:21",200,"{""data_failed"":[],""message"":""Success""}","2021-08-03 13:50:37",Update
202223,"2021-08-03 13:50:18","2021-08-03 13:50:24",200,"{""data_failed"":[],""message"":""Success""}","2021-08-03 13:50:38",Update
202224,"2021-08-03 13:49:52","2021-08-03 13:50:57",200,"{""data_failed"":[],""message"":""Success""}","2021-08-03 13:51:14",Update
202225,"2021-08-03 13:50:26","2021-08-03 13:50:29",200,"{""data_failed"":[],""message"":""Success""}","2021-08-03 13:50:48",Update
202226,"2021-08-03 13:50:48","2021-08-03 13:50:50",200,"{""data_failed"":[],""message"":""Success""}","2021-08-03 13:51:02",Update
202227,"2021-05-19 20:06:49","2021-05-19 20:07:10.04","Api null","Api null","Api null","CPU Reset"
202228,"2021-08-03 13:51:49","2021-08-03 13:51:51",200,"{""data_failed"":[],""message"":""Success""}","2021-08-03 13:52:07",Update
202229,"2021-08-03 13:52:49","2021-08-03 13:52:53",200,"{""data_failed"":[],""message"":""Success""}","2021-08-03 13:53:14",Update
202230,"2021-08-03 13:53:08","2021-08-03 13:53:11",200,"{""data_failed"":[],""message"":""Success""}","2021-08-03 13:53:27",Update
202231,"2021-08-03 13:53:33","2021-08-03 13:53:36",200,"{""data_failed"":[],""message"":""Success""}","2021-08-03 13:53:56",Update
202232,"2021-08-03 13:53:36","2021-08-03 13:53:40",200,"{""data_failed"":[],""message"":""Success""}","2021-08-03 13:53:57",Update
202233,"2021-08-03 13:53:38","2021-08-03 13:53:41",200,"{""data_failed"":[],""message"":""Success""}","2021-08-03 13:53:57",Update
202234,"2021-08-03 13:53:17","2021-08-03 13:53:20",200,"{""data_failed"":[],""message"":""Success""}","2021-08-03 13:53:34",Update
202235,"2021-08-03 13:51:24","2021-08-03 13:51:28",200,"{""data_failed"":[],""message"":""Success""}","2021-08-03 13:51:45",Update
202236,"2021-08-03 13:50:10","2021-08-03 13:50:13",200,"{""data_failed"":[],""message"":""Success""}","2021-08-03 13:50:28",Update
202237,"2021-08-03 13:53:59","2021-08-03 13:54:02",null,null,null,"Temp Error (72,3000)"
202238,"2021-08-03 13:53:59","2021-08-03 13:54:02",200,"{""data_failed"":[],""message"":""Success""}","2021-08-03 13:54:21",Update
202239,"2021-08-03 13:54:21","2021-08-03 13:54:24",200,"{""data_failed"":[],""message"":""Success""}","2021-08-03 13:54:41",Update
202240,"2021-08-03 13:54:08","2021-08-03 13:54:10",200,"{""data_failed"":[],""message"":""Success""}","2021-08-03 13:54:29",Update
202241,"2021-08-03 13:54:12","2021-08-03 13:54:15",200,"{""data_failed"":[],""message"":""Success""}","2021-08-03 13:54:31",Update
202242,"2021-08-03 13:54:15","2021-08-03 13:54:17",200,"{""data_failed"":[],""message"":""Success""}","2021-08-03 13:54:31",Update
202243,"2021-08-03 13:54:26","2021-08-03 13:54:31",200,"{""data_failed"":[],""message"":""Success""}","2021-08-03 13:54:51",Update
202244,"2021-08-03 13:54:34","2021-08-03 13:54:36",200,"{""data_failed"":[],""message"":""Success""}","2021-08-03 13:54:54",Update
202245,"2021-08-03 13:54:17","2021-08-03 13:54:19",200,"{""data_failed"":[],""message"":""Success""}","2021-08-03 13:54:41",Update
202246,"2021-08-03 13:54:05","2021-08-03 13:54:10",200,"{""data_failed"":[],""message"":""Success""}","2021-08-03 13:54:30",Update
202247,"2021-08-03 13:53:52","2021-08-03 13:53:56",200,"{""data_failed"":[],""message"":""Success""}","2021-08-03 13:54:20",Update
202248,"2021-08-03 13:54:45","2021-08-03 13:54:48",200,"{""data_failed"":[],""message"":""Success""}","2021-08-03 13:55:04",Update
202249,"2021-08-03 13:54:23","2021-08-03 13:54:27",200,"{""data_failed"":[],""message"":""Success""}","2021-08-03 13:54:42",Update
202250,"2021-08-03 13:54:26","2021-08-03 13:54:30",200,"{""data_failed"":[],""message"":""Success""}","2021-08-03 13:54:52",Update
202251,"2021-08-03 13:54:32","2021-08-03 13:54:35",200,"{""data_failed"":[],""message"":""Success""}","2021-08-03 13:54:54",Update
202252,"2021-08-03 13:54:20","2021-08-03 13:54:22",200,"{""data_failed"":[],""message"":""Success""}","2021-08-03 13:54:42",Update
202253,"2021-08-03 13:54:46","2021-08-03 13:54:49",200,"{""data_failed"":[],""message"":""Success""}","2021-08-03 13:55:05",Update
202254,"2021-08-03 13:54:43","2021-08-03 13:54:47",200,"{""data_failed"":[],""message"":""Success""}","2021-08-03 13:55:04",Update
202255,"2021-08-03 13:54:28","2021-08-03 13:54:30",200,"{""data_failed"":[],""message"":""Success""}","2021-08-03 13:54:51",Update
202256,"2021-08-03 13:54:33","2021-08-03 13:54:36",200,"{""data_failed"":[],""message"":""Success""}","2021-08-03 13:54:54",Update
202257,"2021-08-03 13:54:48","2021-08-03 13:54:51",200,"{""data_failed"":[],""message"":""Success""}","2021-08-03 13:55:07",Update
202258,"2021-08-03 13:54:18","2021-08-03 13:54:21",200,"{""data_failed"":[],""message"":""Success""}","2021-08-03 13:54:41",Update
202259,"2021-08-03 13:54:46","2021-08-03 13:54:48",200,"{""data_failed"":[],""message"":""Success""}","2021-08-03 13:55:07",Update
202260,"2021-08-03 13:54:31","2021-08-03 13:54:34",200,"{""data_failed"":[],""message"":""Success""}","2021-08-03 13:54:54",Update
202262,"2021-08-03 13:54:06","2021-08-03 13:54:09",200,"{""data_failed"":[],""message"":""Success""}","2021-08-03 13:54:29",Update
202264,"2021-08-03 13:54:23","2021-08-03 13:54:25",200,"{""data_failed"":[],""message"":""Success""}","2021-08-03 13:54:42",Update
202265,"2021-08-03 13:54:07","2021-08-03 13:54:09",200,"{""data_failed"":[],""message"":""Success""}","2021-08-03 13:54:30",Update
202266,"2021-08-03 13:54:47","2021-08-03 13:54:50",200,"{""data_failed"":[],""message"":""Success""}","2021-08-03 13:55:05",Update
202267,"2021-07-05 13:26:31","2021-07-05 13:26:34.649","Api null","Api null","Api null","CPU Reset"
202268,"2021-08-03 13:56:20","2021-08-03 13:56:24",200,"{""data_failed"":[],""message"":""Success""}","2021-08-03 13:56:33",Update
202270,"2021-08-03 13:56:15","2021-08-03 13:56:18",200,"{""data_failed"":[],""message"":""Success""}","2021-08-03 13:56:31",Update
202272,"2021-08-03 13:55:53","2021-08-03 13:56:21",200,"{""data_failed"":[],""message"":""Success""}","2021-08-03 13:56:31",Update
202273,"2021-08-03 13:56:39","2021-08-03 13:56:42",200,"{""data_failed"":[],""message"":""Success""}","2021-08-03 13:57:41",Update
202274,"2021-08-03 11:35:54","2021-08-03 11:35:56",200,"{""data_failed"":[],""message"":""Success""}","2021-08-03 11:36:17",Update
202275,"2021-08-03 13:56:51","2021-08-03 13:56:53",200,"{""data_failed"":[],""message"":""Success""}","2021-08-03 13:57:47",Update
202276,"2021-08-03 13:56:39","2021-08-03 13:56:44",200,"{""data_failed"":[],""message"":""Success""}","2021-08-03 13:57:44",Update
202277,"2021-08-03 13:56:16","2021-08-03 13:56:19",200,"{""data_failed"":[],""message"":""Success""}","2021-08-03 13:56:31",Update
202278,"2021-08-03 13:56:44","2021-08-03 13:56:48",200,"{""data_failed"":[],""message"":""Success""}","2021-08-03 13:57:45",Update
202279,"2021-08-03 13:56:36","2021-08-03 13:56:41",200,"{""data_failed"":[],""message"":""Success""}","2021-08-03 13:56:55",Update
202280,"2021-08-03 13:56:41","2021-08-03 13:56:45",200,"{""data_failed"":[],""message"":""Success""}","2021-08-03 13:57:45",Update
202281,"2021-08-03 13:56:19","2021-08-03 13:56:22",200,"{""data_failed"":[],""message"":""Success""}","2021-08-03 13:56:31",Update
202282,"2021-08-03 13:56:05","2021-08-03 13:56:10",200,"{""data_failed"":[],""message"":""Success""}","2021-08-03 13:56:22",Update
202283,"2021-08-03 13:56:43","2021-08-03 13:56:46",200,"{""data_failed"":[],""message"":""Success""}","2021-08-03 13:57:41",Update
202284,"2021-08-03 13:51:40","2021-08-03 13:51:45",200,"{""data_failed"":[],""message"":""Success""}","2021-08-03 13:52:05",Update
202285,"2021-07-31 16:39:29","2021-07-31 16:39:33",200,"{""data_failed"":[],""message"":""Success""}","2021-07-31 16:39:50","CPU Reset"
202286,"2021-08-03 01:15:27","2021-08-03 01:15:30",200,"{""data_failed"":[],""message"":""Success""}","2021-08-03 01:15:48",Update
202287,"2021-08-03 13:56:30","2021-08-03 13:56:34",200,"{""data_failed"":[],""message"":""Success""}","2021-08-03 13:56:54",Update
202289,"2021-08-03 13:57:30","2021-08-03 13:57:36",200,"{""data_failed"":[],""message"":""Success""}","2021-08-03 13:58:06",Update
202290,"2021-08-03 13:56:52","2021-08-03 13:56:55",200,"{""data_failed"":[],""message"":""Success""}","2021-08-03 13:57:52",Update
202291,"2021-08-03 13:56:55","2021-08-03 13:56:58",200,"{""data_failed"":[],""message"":""Success""}","2021-08-03 13:57:51",Update
202292,"2021-08-03 13:56:56","2021-08-03 13:56:59",200,"{""data_failed"":[],""message"":""Success""}","2021-08-03 13:57:51",Update
202293,"2021-06-02 16:00:12","2021-06-02 16:00:15.04","Api null","Api null","Api null","Battery Power Low (66,2916) (api null)"
202294,"2021-08-03 13:59:50","2021-08-03 13:59:54",200,"{""data_failed"":[],""message"":""Success""}","2021-08-03 14:00:06",Update
202295,"2021-08-03 13:59:01","2021-08-03 13:59:06",200,"{""data_failed"":[],""message"":""Success""}","2021-08-03 13:59:14",Update
202297,"2021-08-03 13:59:12","2021-08-03 13:59:16",200,"{""data_failed"":[],""message"":""Success""}","2021-08-03 13:59:21",Update
202298,"2021-08-03 13:59:54","2021-08-03 13:59:58",200,"{""data_failed"":[],""message"":""Success""}","2021-08-03 14:00:17",Update
202299,"2021-08-03 13:59:28","2021-08-03 13:59:32",200,"{""data_failed"":[],""message"":""Success""}","2021-08-03 13:59:53",Update
202300,"2021-08-03 13:59:32","2021-08-03 13:59:36",200,"{""data_failed"":[],""message"":""Success""}","2021-08-03 13:59:53",Update
202301,"2021-08-03 13:59:11","2021-08-03 13:59:16",200,"{""data_failed"":[],""message"":""Success""}","2021-08-03 13:59:23",Update
202302,"2021-08-03 13:59:44","2021-08-03 13:59:48",200,"{""data_failed"":[],""message"":""Success""}","2021-08-03 14:00:04",Update
202303,"2021-08-03 13:59:06","2021-08-03 13:59:10",200,"{""data_failed"":[],""message"":""Success""}","2021-08-03 13:59:21",Update
202304,"2021-08-03 13:59:10","2021-08-03 13:59:15",200,"{""data_failed"":[],""message"":""Success""}","2021-08-03 13:59:22",Update
202307,"2021-08-03 13:59:17","2021-08-03 13:59:21",200,"{""data_failed"":[],""message"":""Success""}","2021-08-03 13:59:35",Update
202309,"2021-08-03 13:59:18","2021-08-03 13:59:21",200,"{""data_failed"":[],""message"":""Success""}","2021-08-03 13:59:35",Update
202310,"2021-08-03 13:59:15","2021-08-03 13:59:19",200,"{""data_failed"":[],""message"":""Success""}","2021-08-03 13:59:34",Update
202311,"2021-08-03 13:59:08","2021-08-03 13:59:13",200,"{""data_failed"":[],""message"":""Success""}","2021-08-03 13:59:23",Update
202312,"2021-08-03 13:59:39","2021-08-03 13:59:43",200,"{""data_failed"":[],""message"":""Success""}","2021-08-03 14:00:05",Update
202313,"2021-08-03 13:59:43","2021-08-03 13:59:46",200,"{""data_failed"":[],""message"":""Success""}","2021-08-03 14:00:06",Update
202315,"2021-08-03 13:59:15","2021-08-03 13:59:19",200,"{""data_failed"":[],""message"":""Success""}","2021-08-03 13:59:33",Update
202316,"2021-08-03 13:59:06","2021-08-03 13:59:11",200,"{""data_failed"":[],""message"":""Success""}","2021-08-03 13:59:22",Update
202317,"2021-08-03 13:59:46","2021-08-03 13:59:49",200,"{""data_failed"":[],""message"":""Success""}","2021-08-03 14:00:08",Update
202318,"2021-08-03 13:59:41","2021-08-03 14:00:00",200,"{""data_failed"":[],""message"":""Success""}","2021-08-03 14:00:16",Update
202319,"2021-08-03 13:59:03","2021-08-03 13:59:07",200,"{""data_failed"":[],""message"":""Success""}","2021-08-03 13:59:22",Update
202320,"2021-08-03 13:59:53","2021-08-03 13:59:58",200,"{""data_failed"":[],""message"":""Success""}","2021-08-03 14:00:18",Update
202321,"2021-08-03 13:59:46","2021-08-03 13:59:51",200,"{""data_failed"":[],""message"":""Success""}","2021-08-03 14:00:05",Update
202322,"2021-08-03 13:59:13","2021-08-03 13:59:16",200,"{""data_failed"":[],""message"":""Success""}","2021-08-03 13:59:22",Update
202323,"2021-08-03 13:59:07","2021-08-03 13:59:11",200,"{""data_failed"":[],""message"":""Success""}","2021-08-03 13:59:21",Update
202324,"2021-08-03 13:57:48","2021-08-03 13:57:52",200,"{""data_failed"":[],""message"":""Success""}","2021-08-03 13:58:19",Update
202325,"2021-08-03 13:49:32","2021-08-03 13:49:34",200,"{""data_failed"":[],""message"":""Success""}","2021-08-03 13:49:55",Update
202326,"2021-08-03 13:59:46","2021-08-03 13:59:50",200,"{""data_failed"":[],""message"":""Success""}","2021-08-03 14:00:06",Update
202327,"2021-08-03 13:59:50","2021-08-03 13:59:55",200,"{""data_failed"":[],""message"":""Success""}","2021-08-03 14:00:16",Update
202328,"2021-08-03 13:59:30","2021-08-03 13:59:33",200,"{""data_failed"":[],""message"":""Success""}","2021-08-03 13:59:57",Update
202329,"2021-08-03 13:59:51","2021-08-03 13:59:57",200,"{""data_failed"":[],""message"":""Success""}","2021-08-03 14:00:16",Update
202330,"2021-08-03 13:59:27","2021-08-03 13:59:30",200,"{""data_failed"":[],""message"":""Success""}","2021-08-03 13:59:43",Update
202331,"2021-08-03 13:59:44","2021-08-03 13:59:50",200,"{""data_failed"":[],""message"":""Success""}","2021-08-03 14:00:08",Update
202332,"2021-08-03 13:59:41","2021-08-03 13:59:45",200,"{""data_failed"":[],""message"":""Success""}","2021-08-03 14:00:05",Update
202333,"2021-08-03 13:59:38","2021-08-03 13:59:40",200,"{""data_failed"":[],""message"":""Success""}","2021-08-03 13:59:53",Update
202334,"2021-08-03 13:59:06","2021-08-03 13:59:12",200,"{""data_failed"":[],""message"":""Success""}","2021-08-03 13:59:21",Update
202335,"2021-08-03 13:59:27","2021-08-03 13:59:30",200,"{""data_failed"":[],""message"":""Success""}","2021-08-03 13:59:43",Update
202336,"2021-08-03 13:59:21","2021-08-03 13:59:25",200,"{""data_failed"":[],""message"":""Success""}","2021-08-03 13:59:32",Update
202337,"2021-08-03 13:59:33","2021-08-03 14:00:02",200,"{""data_failed"":[],""message"":""Success""}","2021-08-03 14:00:18",Update
202338,"2021-08-03 13:59:49","2021-08-03 13:59:53",200,"{""data_failed"":[],""message"":""Success""}","2021-08-03 14:00:08",Update
202339,"2021-08-03 13:59:42","2021-08-03 13:59:47",200,"{""data_failed"":[],""message"":""Success""}","2021-08-03 14:00:07",Update
202340,"2021-08-03 13:59:53","2021-08-03 13:59:57",200,"{""data_failed"":[],""message"":""Success""}","2021-08-03 14:00:18",Update
202341,"2021-08-03 13:59:04","2021-08-03 13:59:07",200,"{""data_failed"":[],""message"":""Success""}","2021-08-03 13:59:20",Update
202342,"2021-08-03 14:00:00","2021-08-03 14:00:03",200,"{""data_failed"":[],""message"":""Success""}","2021-08-03 14:00:18",Update
202343,"2021-07-27 10:19:29","2021-07-27 10:19:52",200,"{""data_failed"":[],""message"":""Success""}","2021-07-27 10:21:26","CPU Reset"
202345,"2021-08-03 14:00:28","2021-08-03 14:00:32",200,"{""data_failed"":[],""message"":""Success""}","2021-08-03 14:00:52",Update
202346,"2021-08-03 14:00:06","2021-08-03 14:00:12",200,"{""data_failed"":[],""message"":""Success""}","2021-08-03 14:00:29",Update
202347,"2021-08-03 13:59:45","2021-08-03 13:59:48",200,"{""data_failed"":[],""message"":""Success""}","2021-08-03 14:00:05",Update
202348,"2021-06-05 19:58:48","2021-06-05 20:55:59.451","Api null","Api null","Api null","Battery Power Low (66,5417) (api null)"
202349,"2021-08-03 14:00:27","2021-08-03 14:00:30",200,"{""data_failed"":[],""message"":""Success""}","2021-08-03 14:00:52",Update
202350,"2021-08-03 14:00:09","2021-08-03 14:00:13",200,"{""data_failed"":[],""message"":""Success""}","2021-08-03 14:00:29",Update
202351,"2021-08-03 14:00:17","2021-08-03 14:00:32",200,"{""data_failed"":[],""message"":""Success""}","2021-08-03 14:00:49",Update
202352,"2021-08-03 14:00:44","2021-08-03 14:00:47",200,"{""data_failed"":[],""message"":""Success""}","2021-08-03 14:01:03",Update
202353,"2021-08-03 14:00:11","2021-08-03 14:00:14",200,"{""data_failed"":[],""message"":""Success""}","2021-08-03 14:00:29",Update
202354,"2021-08-02 07:18:18","2021-08-02 07:19:36",200,"{""data_failed"":[],""message"":""Success""}","2021-08-02 07:19:49","CPU Reset"
202355,"2021-08-03 14:01:01","2021-08-03 14:01:04",200,"{""data_failed"":[],""message"":""Success""}","2021-08-03 14:01:16",Update
202356,"2021-08-03 14:00:26","2021-08-03 14:00:30",200,"{""data_failed"":[],""message"":""Success""}","2021-08-03 14:00:51",Update
202357,"2021-08-03 14:00:55","2021-08-03 14:00:57",200,"{""data_failed"":[],""message"":""Success""}","2021-08-03 14:01:14",Update
202358,"2021-08-03 14:01:03","2021-08-03 14:01:06",200,"{""data_failed"":[],""message"":""Success""}","2021-08-03 14:01:17",Update
202359,"2021-08-03 14:00:29","2021-08-03 14:00:33",200,"{""data_failed"":[],""message"":""Success""}","2021-08-03 14:00:53",Update
202360,"2021-08-03 14:01:24","2021-08-03 14:01:27",null,null,null,"Temp Error (72,3000)"
202361,"2021-08-03 14:02:00","2021-08-03 14:02:03",200,"{""data_failed"":[],""message"":""Success""}","2021-08-03 14:02:23",Update
202362,"2021-08-03 14:03:02","2021-08-03 14:01:22",200,"{""data_failed"":[],""message"":""Success""}","2021-08-03 14:01:36",Update
202363,"2021-08-03 14:01:35","2021-08-03 14:01:38",200,"{""data_failed"":[],""message"":""Success""}","2021-08-03 14:01:59",Update
202364,"2021-08-03 14:01:32","2021-08-03 14:01:34",200,"{""data_failed"":[],""message"":""Success""}","2021-08-03 14:01:55",Update
202365,"2021-08-03 14:01:35","2021-08-03 14:01:40",200,"{""data_failed"":[],""message"":""Success""}","2021-08-03 14:02:00",Update
202366,"2021-08-03 14:01:57","2021-08-03 14:02:01",200,"{""data_failed"":[],""message"":""Success""}","2021-08-03 14:02:22",Update
202367,"2021-08-03 13:53:36","2021-08-03 13:53:59",200,"{""data_failed"":[],""message"":""Success""}","2021-08-03 13:54:22",Update
202368,"2021-08-02 19:04:27","2021-08-02 19:04:45",200,"{""data_failed"":[],""message"":""Success""}","2021-08-02 19:05:02","CPU Reset"
202369,"2021-08-03 14:01:56","2021-08-03 14:01:59",200,"{""data_failed"":[],""message"":""Success""}","2021-08-03 14:02:21",Update
202370,"2021-08-03 14:01:48","2021-08-03 14:01:51",200,"{""data_failed"":[],""message"":""Success""}","2021-08-03 14:02:10",Update
202371,"2021-08-03 14:01:42","2021-08-03 14:01:46",200,"{""data_failed"":[],""message"":""Success""}","2021-08-03 14:02:09",Update
202372,"2021-08-03 14:01:54","2021-08-03 14:01:59",200,"{""data_failed"":[],""message"":""Success""}","2021-08-03 14:02:18",Update
202373,"2021-08-03 14:01:22","2021-08-03 14:01:26",200,"{""data_failed"":[],""message"":""Success""}","2021-08-03 14:01:34",Update
202374,"2021-08-03 14:01:47","2021-08-03 14:01:51",200,"{""data_failed"":[],""message"":""Success""}","2021-08-03 14:02:10",Update
202375,"2021-08-03 14:02:12","2021-08-03 14:02:17",200,"{""data_failed"":[],""message"":""Success""}","2021-08-03 14:02:30",Update
202376,"2021-08-03 14:01:50","2021-08-03 14:01:54",200,"{""data_failed"":[],""message"":""Success""}","2021-08-03 14:02:10",Update
202377,"2021-08-03 14:02:47","2021-08-03 14:02:52",null,null,null,"Temp Error (72,3000)"
202378,"2021-08-03 14:02:44","2021-08-03 14:02:47",200,"{""data_failed"":[],""message"":""Success""}","2021-08-03 14:03:05",Update
202379,"2021-08-03 14:03:10","2021-08-03 14:03:14",200,"{""data_failed"":[],""message"":""Success""}","2021-08-03 14:03:28",Update
202380,"2021-08-03 14:03:00","2021-08-03 14:03:03",200,"{""data_failed"":[],""message"":""Success""}","2021-08-03 14:03:20",Update
202381,"2021-08-03 14:03:04","2021-08-03 14:03:07",200,"{""data_failed"":[],""message"":""Success""}","2021-08-03 14:03:20",Update
202382,"2021-08-03 14:03:06","2021-08-03 14:03:08",200,"{""data_failed"":[],""message"":""Success""}","2021-08-03 14:03:20",Update
202383,"2021-08-03 14:03:09","2021-08-03 14:03:14",200,"{""data_failed"":[],""message"":""Success""}","2021-08-03 14:03:27",Update
202384,"2021-08-03 13:59:11","2021-08-03 13:59:29",200,"{""data_failed"":[],""message"":""Success""}","2021-08-03 13:59:33",Update
202385,"2021-08-03 14:04:10","2021-08-03 14:04:14",null,null,null,"Temp Error (72,3000)"
202386,"2021-08-03 14:03:46","2021-08-03 14:03:49",200,"{""data_failed"":[],""message"":""Success""}","2021-08-03 14:04:03",Update
202387,"2021-08-03 14:04:19","2021-08-03 14:04:28",200,"{""data_failed"":[],""message"":""Success""}","2021-08-03 14:04:39",Update
202388,"2021-08-03 14:04:24","2021-08-03 14:04:28",200,"{""data_failed"":[],""message"":""Success""}","2021-08-03 14:04:39",Update
202389,"2021-08-03 13:53:16","2021-08-03 13:53:28",200,"{""data_failed"":[],""message"":""Success""}","2021-08-03 13:53:35",Update
202390,"2021-08-03 14:04:23","2021-08-03 14:04:26",200,"{""data_failed"":[],""message"":""Success""}","2021-08-03 14:04:39",Update
202391,"2021-08-03 14:03:46","2021-08-03 14:03:50",200,"{""data_failed"":[],""message"":""Success""}","2021-08-03 14:04:03",Update
202392,"2021-08-03 14:03:49","2021-08-03 14:03:52",200,"{""data_failed"":[],""message"":""Success""}","2021-08-03 14:04:14",Update
202393,"2021-08-03 14:04:21","2021-08-03 14:04:24",200,"{""data_failed"":[],""message"":""Success""}","2021-08-03 14:04:39",Update
202394,"2021-08-03 14:04:09","2021-08-03 14:04:12",200,"{""data_failed"":[],""message"":""Success""}","2021-08-03 14:04:26",Update
202395,"2021-08-03 14:04:15","2021-08-03 14:04:19",200,"{""data_failed"":[],""message"":""Success""}","2021-08-03 14:04:36",Update
202397,"2021-08-03 14:03:51","2021-08-03 14:03:56",200,"{""data_failed"":[],""message"":""Success""}","2021-08-03 14:04:16",Update
202398,"2021-08-03 14:04:00","2021-08-03 14:04:02",200,"{""data_failed"":[],""message"":""Success""}","2021-08-03 14:04:18",Update
202399,"2021-08-03 14:03:51","2021-08-03 14:03:54",200,"{""data_failed"":[],""message"":""Success""}","2021-08-03 14:04:16",Update
202400,"2021-08-03 14:03:21","2021-08-03 14:03:26",200,"{""data_failed"":[],""message"":""Success""}","2021-08-03 14:03:39",Update
202401,"2021-08-03 07:22:49","2021-08-03 07:22:53",200,"{""data_failed"":[],""message"":""Success""}","2021-08-03 07:23:08",Update
202402,"2021-08-03 14:02:06","2021-08-03 14:02:10",200,"{""data_failed"":[],""message"":""Success""}","2021-08-03 14:02:29",Update
202403,"2021-08-03 14:03:52","2021-08-03 14:03:56",200,"{""data_failed"":[],""message"":""Success""}","2021-08-03 14:04:16",Update
202404,"2021-08-03 14:04:35","2021-08-03 14:04:38",200,"{""data_failed"":[],""message"":""Success""}","2021-08-03 14:04:49",Update
202406,"2021-08-03 13:01:27","2021-08-03 13:01:30",null,null,null,"Temp Error (72,3000)"
202407,"2021-08-03 14:05:29","2021-08-03 14:05:35",200,"{""data_failed"":[],""message"":""Success""}","2021-08-03 14:05:54",Update
202408,"2021-08-03 14:05:40","2021-08-03 14:05:43",200,"{""data_failed"":[],""message"":""Success""}","2021-08-03 14:05:57",Update
202409,"2021-08-03 14:05:42","2021-08-03 14:05:44",200,"{""data_failed"":[],""message"":""Success""}","2021-08-03 14:05:57",Update
202410,"2021-08-03 14:05:18","2021-08-03 14:05:21",200,"{""data_failed"":[],""message"":""Success""}","2021-08-03 14:05:47",Update
202411,"2021-08-03 14:04:54","2021-08-03 14:04:56",200,"{""data_failed"":[],""message"":""Success""}","2021-08-03 14:05:09",Update
202412,"2021-08-03 14:05:12","2021-08-03 14:05:14",200,"{""data_failed"":[],""message"":""Success""}","2021-08-03 14:05:38",Update
202413,"2021-08-03 14:06:08","2021-08-03 14:06:12",null,null,null,"Temp Error (72,3000)"
202414,"2021-08-03 14:05:46","2021-08-03 14:05:49",200,"{""data_failed"":[],""message"":""Success""}","2021-08-03 14:06:06",Update
202415,"2021-08-03 14:06:17","2021-08-03 14:06:20",200,"{""data_failed"":[],""message"":""Success""}","2021-08-03 14:06:32",Update
202416,"2021-08-03 14:06:08","2021-08-03 14:06:11",200,"{""data_failed"":[],""message"":""Success""}","2021-08-03 14:06:29",Update
202417,"2021-08-03 14:05:49","2021-08-03 14:05:52",200,"{""data_failed"":[],""message"":""Success""}","2021-08-03 14:06:07",Update
202418,"2021-08-03 14:06:02","2021-08-03 14:06:05",200,"{""data_failed"":[],""message"":""Success""}","2021-08-03 14:06:18",Update
202419,"2021-08-03 14:05:52","2021-08-03 14:05:54",200,"{""data_failed"":[],""message"":""Success""}","2021-08-03 14:06:08",Update
202420,"2021-08-03 14:06:09","2021-08-03 14:06:11",200,"{""data_failed"":[],""message"":""Success""}","2021-08-03 14:06:30",Update
202421,"2021-08-03 14:06:31","2021-08-03 14:06:37",200,"{""data_failed"":[],""message"":""Success""}","2021-08-03 14:06:52",Update
202422,"2021-08-03 14:03:46","2021-08-03 14:03:48",200,"{""data_failed"":[],""message"":""Success""}","2021-08-03 14:04:05",Update
202423,"2021-08-03 14:05:55","2021-08-03 14:05:57",200,"{""data_failed"":[],""message"":""Success""}","2021-08-03 14:06:09",Update
202424,"2021-08-03 14:05:53","2021-08-03 14:05:55",200,"{""data_failed"":[],""message"":""Success""}","2021-08-03 14:06:09",Update
202426,"2021-08-03 14:06:11","2021-08-03 14:06:14",200,"{""data_failed"":[],""message"":""Success""}","2021-08-03 14:06:29",Update
202427,"2021-08-03 14:05:46","2021-08-03 14:05:51",200,"{""data_failed"":[],""message"":""Success""}","2021-08-03 14:06:07",Update
202429,"2021-08-03 14:06:01","2021-08-03 14:06:08",200,"{""data_failed"":[],""message"":""Success""}","2021-08-03 14:06:19",Update
202430,"2021-08-03 14:06:42","2021-08-03 14:06:46",200,"{""data_failed"":[],""message"":""Success""}","2021-08-03 14:06:55",Update
202431,"2021-08-03 14:06:14","2021-08-03 14:06:18",200,"{""data_failed"":[],""message"":""Success""}","2021-08-03 14:06:29",Update
202432,"2021-08-03 14:06:36","2021-08-03 14:06:39",200,"{""data_failed"":[],""message"":""Success""}","2021-08-03 14:06:52",Update
202433,"2021-08-03 14:06:27","2021-08-03 14:06:29",200,"{""data_failed"":[],""message"":""Success""}","2021-08-03 14:06:44",Update
202434,"2021-08-03 14:06:37","2021-08-03 14:06:41",200,"{""data_failed"":[],""message"":""Success""}","2021-08-03 14:06:54",Update
202435,"2021-08-03 14:05:58","2021-08-03 14:06:02",200,"{""data_failed"":[],""message"":""Success""}","2021-08-03 14:06:17",Update
202436,"2021-08-03 14:06:00","2021-08-03 14:06:04",200,"{""data_failed"":[],""message"":""Success""}","2021-08-03 14:06:19",Update
202437,"2021-08-03 14:06:13","2021-08-03 14:06:19",200,"{""data_failed"":[],""message"":""Success""}","2021-08-03 14:06:29",Update
202438,"2021-08-03 14:06:36","2021-08-03 14:06:43",200,"{""data_failed"":[],""message"":""Success""}","2021-08-03 14:06:53",Update
202439,"2021-08-03 14:06:10","2021-08-03 14:06:25",200,"{""data_failed"":[],""message"":""Success""}","2021-08-03 14:06:41",Update
202440,"2021-08-02 10:14:12","2021-08-03 05:00:44",200,"{""data_failed"":[],""message"":""Success""}","2021-08-03 05:00:58",Update
202441,"2021-08-03 14:06:07","2021-08-03 14:06:09",200,"{""data_failed"":[],""message"":""Success""}","2021-08-03 14:06:21",Update
202442,"2021-08-03 14:06:41","2021-08-03 14:06:43",200,"{""data_failed"":[],""message"":""Success""}","2021-08-03 14:06:53",Update
202443,"2021-08-03 14:06:16","2021-08-03 14:06:23",200,"{""data_failed"":[],""message"":""Success""}","2021-08-03 14:06:40",Update
202444,"2021-08-03 14:06:09","2021-08-03 14:06:12",200,"{""data_failed"":[],""message"":""Success""}","2021-08-03 14:06:30",Update
202445,"2021-08-03 14:05:54","2021-08-03 14:06:03",200,"{""data_failed"":[],""message"":""Success""}","2021-08-03 14:06:17",Update
202446,"2021-08-03 14:06:31","2021-08-03 14:06:37",200,"{""data_failed"":[],""message"":""Success""}","2021-08-03 14:06:51",Update
202447,"2021-08-03 14:05:58","2021-08-03 14:06:03",200,"{""data_failed"":[],""message"":""Success""}","2021-08-03 14:06:19",Update
202448,"2021-08-03 14:06:08","2021-08-03 14:06:15",200,"{""data_failed"":[],""message"":""Success""}","2021-08-03 14:06:28",Update
202449,"2021-08-03 14:06:16","2021-08-03 14:06:20",200,"{""data_failed"":[],""message"":""Success""}","2021-08-03 14:06:31",Update
202450,"2021-08-03 14:06:33","2021-08-03 14:06:39",200,"{""data_failed"":[],""message"":""Success""}","2021-08-03 14:06:53",Update
202451,"2021-08-03 14:05:48","2021-08-03 14:05:52",200,"{""data_failed"":[],""message"":""Success""}","2021-08-03 14:06:08",Update
202452,"2021-08-03 14:06:39","2021-08-03 14:06:43",200,"{""data_failed"":[],""message"":""Success""}","2021-08-03 14:06:52",Update
202453,"2021-08-03 14:06:44","2021-08-03 14:06:50",200,"{""data_failed"":[],""message"":""Success""}","2021-08-03 14:07:04",Update
202454,"2021-08-03 14:06:20","2021-08-03 14:06:23",200,"{""data_failed"":[],""message"":""Success""}","2021-08-03 14:06:40",Update
202455,"2021-08-03 14:06:19","2021-08-03 14:06:21",200,"{""data_failed"":[],""message"":""Success""}","2021-08-03 14:06:30",Update
202456,"2021-08-03 14:05:47","2021-08-03 14:05:49",200,"{""data_failed"":[],""message"":""Success""}","2021-08-03 14:06:07",Update
202457,"2021-08-03 14:06:33","2021-08-03 14:06:35",200,"{""data_failed"":[],""message"":""Success""}","2021-08-03 14:06:52",Update
202458,"2021-08-03 14:06:33","2021-08-03 14:06:37",200,"{""data_failed"":[],""message"":""Success""}","2021-08-03 14:06:52",Update
202459,"2021-08-03 14:06:40","2021-08-03 14:06:44",200,"{""data_failed"":[],""message"":""Success""}","2021-08-03 14:06:55",Update
202460,"2021-08-03 14:06:25","2021-08-03 14:06:30",200,"{""data_failed"":[],""message"":""Success""}","2021-08-03 14:06:40",Update
202461,"2021-08-02 09:54:17","2021-08-02 09:54:19",200,"{""data_failed"":[],""message"":""Success""}","2021-08-02 09:54:35","CPU Reset"
202462,"2021-08-03 14:06:51","2021-08-03 14:06:58",200,"{""data_failed"":[],""message"":""Success""}","2021-08-03 14:07:07",Update
202463,"2021-08-02 10:05:26","2021-08-02 10:51:17",200,"{""data_failed"":[],""message"":""Success""}","2021-08-02 10:51:35","CPU Reset"
202464,"2021-08-03 14:06:36","2021-08-03 14:06:38",200,"{""data_failed"":[],""message"":""Success""}","2021-08-03 14:06:52",Update
202465,"2021-08-03 14:06:43","2021-08-03 14:06:45",200,"{""data_failed"":[],""message"":""Success""}","2021-08-03 14:06:55",Update
202466,"2021-08-03 14:06:43","2021-08-03 14:06:51",200,"{""data_failed"":[],""message"":""Success""}","2021-08-03 14:07:04",Update
202467,"2021-08-03 14:06:09","2021-08-03 14:06:11",200,"{""data_failed"":[],""message"":""Success""}","2021-08-03 14:06:28",Update
202468,"2021-08-03 14:06:49","2021-08-03 14:06:53",200,"{""data_failed"":[],""message"":""Success""}","2021-08-03 14:07:05",Update
202469,"2021-08-03 14:06:11","2021-08-03 14:06:14",200,"{""data_failed"":[],""message"":""Success""}","2021-08-03 14:06:30",Update
202471,"2021-08-03 14:06:56","2021-08-03 14:07:00",200,"{""data_failed"":[],""message"":""Success""}","2021-08-03 14:07:14",Update
202472,"2021-06-08 10:58:04","2021-06-08 10:58:08.247","Api null","Api null","Api null","CPU Reset"
202473,"2021-08-03 14:16:24","2021-08-03 14:16:28",200,"{""data_failed"":[],""message"":""Success""}","2021-08-03 14:16:42",Update
202474,"2021-08-03 14:16:05","2021-08-03 14:16:14",200,"{""data_failed"":[],""message"":""Success""}","2021-08-03 14:16:30",Update
202475,"2021-08-03 14:15:56","2021-08-03 14:15:58",200,"{""data_failed"":[],""message"":""Success""}","2021-08-03 14:16:10",Update
202476,"2021-08-03 14:16:01","2021-08-03 14:16:06",200,"{""data_failed"":[],""message"":""Success""}","2021-08-03 14:16:23",Update
202477,"2021-08-03 14:16:11","2021-08-03 14:16:17",200,"{""data_failed"":[],""message"":""Success""}","2021-08-03 14:16:33",Update
202478,"2021-07-28 19:31:05","2021-07-28 19:43:00",200,"{""data_failed"":[],""message"":""Success""}","2021-07-28 19:43:15","CPU Reset"
202479,"2021-08-03 14:16:11","2021-08-03 14:16:15",200,"{""data_failed"":[],""message"":""Success""}","2021-08-03 14:16:35",Update
202481,"2021-08-03 14:16:19","2021-08-03 14:16:23",200,"{""data_failed"":[],""message"":""Success""}","2021-08-03 14:16:36",Update
202482,"2021-08-03 14:16:27","2021-08-03 14:16:45",200,"{""data_failed"":[],""message"":""Success""}","2021-08-03 14:16:53",Update
202483,"2021-08-03 14:16:33","2021-08-03 14:16:36",200,"{""data_failed"":[],""message"":""Success""}","2021-08-03 14:16:54",Update
202484,"2021-08-03 14:16:18","2021-08-03 14:16:21",200,"{""data_failed"":[],""message"":""Success""}","2021-08-03 14:16:36",Update
202486,"2021-08-03 14:16:15","2021-08-03 14:16:18",200,"{""data_failed"":[],""message"":""Success""}","2021-08-03 14:16:35",Update
202487,"2021-08-03 14:16:15","2021-08-03 14:16:17",200,"{""data_failed"":[],""message"":""Success""}","2021-08-03 14:16:36",Update
202488,"2021-07-31 20:58:48","2021-07-31 20:58:53",200,"{""data_failed"":[],""message"":""Success""}","2021-07-31 20:59:05","CPU Reset"
202489,"2021-08-03 14:17:10","2021-08-03 14:17:13",200,"{""data_failed"":[],""message"":""Success""}","2021-08-03 14:17:27",Update
202490,"2021-08-03 14:16:43","2021-08-03 14:16:46",200,"{""data_failed"":[],""message"":""Success""}","2021-08-03 14:16:54",Update
202491,"2021-08-03 13:27:40","2021-08-03 13:27:45",200,"{""data_failed"":[],""message"":""Success""}","2021-08-03 13:28:02",Update
202492,"2021-08-03 14:16:55","2021-08-03 14:16:58",200,"{""data_failed"":[],""message"":""Success""}","2021-08-03 14:17:14",Update
202493,"2021-08-03 14:16:52","2021-08-03 14:16:56",200,"{""data_failed"":[],""message"":""Success""}","2021-08-03 14:17:05",Update
202494,"2021-08-03 14:16:44","2021-08-03 14:16:46",200,"{""data_failed"":[],""message"":""Success""}","2021-08-03 14:17:04",Update
202495,"2021-08-03 14:16:43","2021-08-03 14:16:46",200,"{""data_failed"":[],""message"":""Success""}","2021-08-03 14:16:54",Update
202496,"2021-08-03 14:17:01","2021-08-03 14:17:05",200,"{""data_failed"":[],""message"":""Success""}","2021-08-03 14:17:14",Update
202497,"2021-08-03 14:16:36","2021-08-03 14:16:44",200,"{""data_failed"":[],""message"":""Success""}","2021-08-03 14:16:54",Update
202498,"2021-08-03 14:16:19","2021-08-03 14:16:23",200,"{""data_failed"":[],""message"":""Success""}","2021-08-03 14:16:34",Update
202499,"2021-08-03 14:17:02","2021-08-03 14:17:05",200,"{""data_failed"":[],""message"":""Success""}","2021-08-03 14:17:14",Update
202501,"2021-08-03 14:16:52","2021-08-03 14:16:56",200,"{""data_failed"":[],""message"":""Success""}","2021-08-03 14:17:05",Update
202503,"2021-08-03 14:17:05","2021-08-03 14:17:09",200,"{""data_failed"":[],""message"":""Success""}","2021-08-03 14:17:17",Update
202504,"2021-08-03 14:16:23","2021-08-03 14:16:28",200,"{""data_failed"":[],""message"":""Success""}","2021-08-03 14:16:42",Update
202505,"2021-08-03 14:17:03","2021-08-03 14:17:10",200,"{""data_failed"":[],""message"":""Success""}","2021-08-03 14:17:26",Update
202506,"2021-08-03 14:16:16","2021-08-03 14:16:21",200,"{""data_failed"":[],""message"":""Success""}","2021-08-03 14:16:34",Update
202507,"2021-08-03 14:16:41","2021-08-03 14:16:47",200,"{""data_failed"":[],""message"":""Success""}","2021-08-03 14:17:04",Update
202508,"2021-08-03 14:16:45","2021-08-03 14:16:49",200,"{""data_failed"":[],""message"":""Success""}","2021-08-03 14:17:05",Update
202509,"2021-08-03 14:16:30","2021-08-03 14:16:32",200,"{""data_failed"":[],""message"":""Success""}","2021-08-03 14:16:44",Update
202510,"2021-08-03 14:16:58","2021-08-03 14:17:03",200,"{""data_failed"":[],""message"":""Success""}","2021-08-03 14:17:16",Update
202511,"2021-08-03 14:16:23","2021-08-03 14:16:27",200,"{""data_failed"":[],""message"":""Success""}","2021-08-03 14:16:42",Update
202512,"2021-08-03 14:16:46","2021-08-03 14:16:52",200,"{""data_failed"":[],""message"":""Success""}","2021-08-03 14:17:04",Update
202513,"2021-08-03 14:16:52","2021-08-03 14:16:55",200,"{""data_failed"":[],""message"":""Success""}","2021-08-03 14:17:05",Update
202514,"2021-08-03 14:16:42","2021-08-03 14:16:47",200,"{""data_failed"":[],""message"":""Success""}","2021-08-03 14:17:03",Update
202515,"2021-08-03 14:17:09","2021-08-03 14:17:11",200,"{""data_failed"":[],""message"":""Success""}","2021-08-03 14:17:27",Update
202516,"2021-08-03 14:16:34","2021-08-03 14:16:37",200,"{""data_failed"":[],""message"":""Success""}","2021-08-03 14:16:52",Update
202517,"2021-08-03 14:16:29","2021-08-03 14:16:31",200,"{""data_failed"":[],""message"":""Success""}","2021-08-03 14:16:44",Update
202518,"2021-08-03 14:17:09","2021-08-03 14:17:15",200,"{""data_failed"":[],""message"":""Success""}","2021-08-03 14:17:29",Update
202519,"2021-08-03 14:17:15","2021-08-03 14:17:18",200,"{""data_failed"":[],""message"":""Success""}","2021-08-03 14:17:30",Update
202520,"2021-07-31 12:15:52","2021-07-31 12:15:54",200,"{""data_failed"":[],""message"":""Success""}","2021-07-31 12:16:08","CPU Reset"
202521,"2021-08-03 14:17:24","2021-08-03 14:17:25",200,"{""data_failed"":[],""message"":""Success""}","2021-08-03 14:17:36",Update
202522,"2021-08-03 14:17:06","2021-08-03 14:17:09",200,"{""data_failed"":[],""message"":""Success""}","2021-08-03 14:17:17",Update
202523,"2021-08-03 14:17:27","2021-08-03 14:17:32",200,"{""data_failed"":[],""message"":""Success""}","2021-08-03 14:18:04",Update
202524,"2021-08-03 14:16:40","2021-08-03 14:16:42",200,"{""data_failed"":[],""message"":""Success""}","2021-08-03 14:16:55",Update
202525,"2021-08-03 14:17:04","2021-08-03 14:17:07",200,"{""data_failed"":[],""message"":""Success""}","2021-08-03 14:17:15",Update
202526,"2021-08-03 14:17:23","2021-08-03 14:17:25",200,"{""data_failed"":[],""message"":""Success""}","2021-08-03 14:17:35",Update
202527,"2021-08-03 14:16:34","2021-08-03 14:16:36",200,"{""data_failed"":[],""message"":""Success""}","2021-08-03 14:16:54",Update
202528,"2021-08-03 14:17:16","2021-08-03 14:17:22",200,"{""data_failed"":[],""message"":""Success""}","2021-08-03 14:17:35",Update
202529,"2021-08-03 14:16:34","2021-08-03 14:16:42",200,"{""data_failed"":[],""message"":""Success""}","2021-08-03 14:16:55",Update
202530,"2021-08-03 14:17:16","2021-08-03 14:17:24",200,"{""data_failed"":[],""message"":""Success""}","2021-08-03 14:17:35",Update
202531,"2021-08-03 14:16:35","2021-08-03 14:16:38",200,"{""data_failed"":[],""message"":""Success""}","2021-08-03 14:16:52",Update
202532,"2021-08-03 14:17:11","2021-08-03 14:17:19",200,"{""data_failed"":[],""message"":""Success""}","2021-08-03 14:17:25",Update
202533,"2021-08-03 14:17:08","2021-08-03 14:17:12",200,"{""data_failed"":[],""message"":""Success""}","2021-08-03 14:17:24",Update
202534,"2021-08-03 14:16:35","2021-08-03 14:16:45",200,"{""data_failed"":[],""message"":""Success""}","2021-08-03 14:16:53",Update
202535,"2021-08-03 14:17:28","2021-08-03 14:17:29",200,"{""data_failed"":[],""message"":""Success""}","2021-08-03 14:18:05",Update
202536,"2021-08-03 14:17:20","2021-08-03 14:17:26",200,"{""data_failed"":[],""message"":""Success""}","2021-08-03 14:18:03",Update
202537,"2021-08-03 14:16:44","2021-08-03 14:16:48",200,"{""data_failed"":[],""message"":""Success""}","2021-08-03 14:17:02",Update
202538,"2021-08-03 14:17:09","2021-08-03 14:17:11",200,"{""data_failed"":[],""message"":""Success""}","2021-08-03 14:17:24",Update
202539,"2021-08-03 14:17:30","2021-08-03 14:17:33",200,"{""data_failed"":[],""message"":""Success""}","2021-08-03 14:18:05",Update
202540,"2021-08-03 14:10:33","2021-08-03 14:15:06",200,"{""data_failed"":[],""message"":""Success""}","2021-08-03 14:15:16",Update
202541,"2021-08-03 14:16:23","2021-08-03 14:16:27",200,"{""data_failed"":[],""message"":""Success""}","2021-08-03 14:16:42",Update
202542,"2021-08-03 14:16:57","2021-08-03 14:17:00",200,"{""data_failed"":[],""message"":""Success""}","2021-08-03 14:17:14",Update
202543,"2021-08-03 14:17:13","2021-08-03 14:17:17",200,"{""data_failed"":[],""message"":""Success""}","2021-08-03 14:17:27",Update
202544,"2021-08-03 14:17:06","2021-08-03 14:17:09",200,"{""data_failed"":[],""message"":""Success""}","2021-08-03 14:17:16",Update
202545,"2021-08-03 14:16:51","2021-08-03 14:17:00",200,"{""data_failed"":[],""message"":""Success""}","2021-08-03 14:17:14",Update
202546,"2021-08-03 14:17:31","2021-08-03 14:17:33",200,"{""data_failed"":[],""message"":""Success""}","2021-08-03 14:18:15",Update
202547,"2021-08-03 14:16:53","2021-08-03 14:16:59",200,"{""data_failed"":[],""message"":""Success""}","2021-08-03 14:17:14",Update
202548,"2021-08-03 14:16:42","2021-08-03 14:16:47",200,"{""data_failed"":[],""message"":""Success""}","2021-08-03 14:17:04",Update
202549,"2021-08-03 14:16:46","2021-08-03 14:16:48",200,"{""data_failed"":[],""message"":""Success""}","2021-08-03 14:17:05",Update
202550,"2021-08-03 14:17:02","2021-08-03 14:17:06",200,"{""data_failed"":[],""message"":""Success""}","2021-08-03 14:17:15",Update
202551,"2021-08-03 14:16:43","2021-08-03 14:16:45",200,"{""data_failed"":[],""message"":""Success""}","2021-08-03 14:16:54",Update
202552,"2021-08-03 14:17:16","2021-08-03 14:17:24",200,"{""data_failed"":[],""message"":""Success""}","2021-08-03 14:17:36",Update
202553,"2021-08-03 14:17:24","2021-08-03 14:17:26",200,"{""data_failed"":[],""message"":""Success""}","2021-08-03 14:18:04",Update
202554,"2021-08-03 14:16:36","2021-08-03 14:16:45",200,"{""data_failed"":[],""message"":""Success""}","2021-08-03 14:16:53",Update
202555,"2021-08-03 14:17:07","2021-08-03 14:17:14",200,"{""data_failed"":[],""message"":""Success""}","2021-08-03 14:17:27",Update
202556,"2021-08-03 14:16:48","2021-08-03 14:16:52",200,"{""data_failed"":[],""message"":""Success""}","2021-08-03 14:17:04",Update
202557,"2021-08-03 14:16:57","2021-08-03 14:17:00",200,"{""data_failed"":[],""message"":""Success""}","2021-08-03 14:17:14",Update
202558,"2021-08-03 14:17:07","2021-08-03 14:17:13",200,"{""data_failed"":[],""message"":""Success""}","2021-08-03 14:17:28",Update
202559,"2021-08-03 13:03:39","2021-08-03 13:07:47",200,"{""data_failed"":[],""message"":""Success""}","2021-08-03 13:08:03",Update
202560,"2021-08-03 14:17:04","2021-08-03 14:17:16",200,"{""data_failed"":[],""message"":""Success""}","2021-08-03 14:17:26",Update
202561,"2021-08-03 14:17:12","2021-08-03 14:17:15",200,"{""data_failed"":[],""message"":""Success""}","2021-08-03 14:17:30",Update
202562,"2021-08-03 14:16:55","2021-08-03 14:16:58",200,"{""data_failed"":[],""message"":""Success""}","2021-08-03 14:17:15",Update
202563,"2021-08-03 14:17:12","2021-08-03 14:17:15",200,"{""data_failed"":[],""message"":""Success""}","2021-08-03 14:17:31",Update
202564,"2021-08-03 14:17:26","2021-08-03 14:17:29",200,"{""data_failed"":[],""message"":""Success""}","2021-08-03 14:18:04",Update
202565,"2021-08-03 14:16:40","2021-08-03 14:16:44",200,"{""data_failed"":[],""message"":""Success""}","2021-08-03 14:16:53",Update
202566,"2021-08-03 14:17:05","2021-08-03 14:17:11",200,"{""data_failed"":[],""message"":""Success""}","2021-08-03 14:17:29",Update
202567,"2021-08-03 14:16:57","2021-08-03 14:17:01",200,"{""data_failed"":[],""message"":""Success""}","2021-08-03 14:17:18",Update
202568,"2021-08-03 14:16:53","2021-08-03 14:17:11",200,"{""data_failed"":[],""message"":""Success""}","2021-08-03 14:17:29",Update
202569,"2021-08-03 14:17:14","2021-08-03 14:17:33",200,"{""data_failed"":[],""message"":""Success""}","2021-08-03 14:18:03",Update
202570,"2021-08-03 14:16:56","2021-08-03 14:16:59",200,"{""data_failed"":[],""message"":""Success""}","2021-08-03 14:17:17",Update
202571,"2021-08-03 14:17:21","2021-08-03 14:17:25",200,"{""data_failed"":[],""message"":""Success""}","2021-08-03 14:17:36",Update
202572,"2021-08-03 14:16:47","2021-08-03 14:16:52",200,"{""data_failed"":[],""message"":""Success""}","2021-08-03 14:17:04",Update
202573,"2021-08-03 14:16:59","2021-08-03 14:17:01",200,"{""data_failed"":[],""message"":""Success""}","2021-08-03 14:17:16",Update
202574,"2021-08-03 14:17:19","2021-08-03 14:17:23",200,"{""data_failed"":[],""message"":""Success""}","2021-08-03 14:17:36",Update
202575,"2021-08-03 14:17:04","2021-08-03 14:17:13",200,"{""data_failed"":[],""message"":""Success""}","2021-08-03 14:17:26",Update
202576,"2021-08-03 14:17:07","2021-08-03 14:17:09",200,"{""data_failed"":[],""message"":""Success""}","2021-08-03 14:17:16",Update
202577,"2021-08-03 14:16:53","2021-08-03 14:16:58",200,"{""data_failed"":[],""message"":""Success""}","2021-08-03 14:17:13",Update
202578,"2021-08-03 14:17:11","2021-08-03 14:17:14",200,"{""data_failed"":[],""message"":""Success""}","2021-08-03 14:17:28",Update
202579,"2021-08-03 14:17:29","2021-08-03 14:17:32",200,"{""data_failed"":[],""message"":""Success""}","2021-08-03 14:18:04",Update
202580,"2021-08-03 14:16:41","2021-08-03 14:16:45",200,"{""data_failed"":[],""message"":""Success""}","2021-08-03 14:16:55",Update
202581,"2021-07-12 23:11:33","2021-07-12 23:11:42.03","Api null","Api null","Api null","CPU Reset"
202582,"2021-08-03 14:14:17","2021-08-03 14:14:42",200,"{""data_failed"":[],""message"":""Success""}","2021-08-03 14:15:00",Update
202583,"2021-08-03 14:17:29","2021-08-03 14:17:32",200,"{""data_failed"":[],""message"":""Success""}","2021-08-03 14:18:04",Update
202584,"2021-08-03 14:18:01","2021-08-03 14:18:05",200,"{""data_failed"":[],""message"":""Success""}","2021-08-03 14:18:27",Update
202585,"2021-08-03 14:17:14","2021-08-03 14:17:18",200,"{""data_failed"":[],""message"":""Success""}","2021-08-03 14:17:27",Update
202586,"2021-08-03 14:17:41","2021-08-03 14:17:43",200,"{""data_failed"":[],""message"":""Success""}","2021-08-03 14:18:26",Update
202587,"2021-08-03 14:17:18","2021-08-03 14:17:21",200,"{""data_failed"":[],""message"":""Success""}","2021-08-03 14:17:35",Update
202588,"2021-08-03 13:28:34","2021-08-03 13:28:37",200,"{""data_failed"":[],""message"":""Success""}","2021-08-03 13:28:50",Update
202590,"2021-08-03 14:18:03","2021-08-03 14:18:06",200,"{""data_failed"":[],""message"":""Success""}","2021-08-03 14:18:29",Update
202591,"2021-08-03 14:17:18","2021-08-03 14:17:21",200,"{""data_failed"":[],""message"":""Success""}","2021-08-03 14:17:28",Update
202592,"2021-08-03 14:17:26","2021-08-03 14:17:28",200,"{""data_failed"":[],""message"":""Success""}","2021-08-03 14:18:04",Update
202593,"2021-08-03 14:17:28","2021-08-03 14:17:30",200,"{""data_failed"":[],""message"":""Success""}","2021-08-03 14:18:04",Update
202594,"2021-08-03 14:16:48","2021-08-03 14:16:51",200,"{""data_failed"":[],""message"":""Success""}","2021-08-03 14:17:04",Update
202595,"2021-08-03 14:17:14","2021-08-03 14:17:19",200,"{""data_failed"":[],""message"":""Success""}","2021-08-03 14:17:26",Update
202596,"2021-08-03 14:17:28","2021-08-03 14:17:33",200,"{""data_failed"":[],""message"":""Success""}","2021-08-03 14:18:04",Update
202597,"2021-08-03 14:18:03","2021-08-03 14:18:05",200,"{""data_failed"":[],""message"":""Success""}","2021-08-03 14:18:26",Update
202598,"2021-08-03 14:16:43","2021-08-03 14:16:46",200,"{""data_failed"":[],""message"":""Success""}","2021-08-03 14:16:52",Update
202600,"2021-08-03 14:17:26","2021-08-03 14:17:33",200,"{""data_failed"":[],""message"":""Success""}","2021-08-03 14:18:15",Update
202601,"2021-08-03 14:18:04","2021-08-03 14:18:07",200,"{""data_failed"":[],""message"":""Success""}","2021-08-03 14:18:28",Update
202602,"2021-08-03 14:17:26","2021-08-03 14:17:29",200,"{""data_failed"":[],""message"":""Success""}","2021-08-03 14:18:05",Update
202603,"2021-08-03 14:17:05","2021-08-03 14:17:09",200,"{""data_failed"":[],""message"":""Success""}","2021-08-03 14:17:15",Update
202604,"2021-08-03 14:17:24","2021-08-03 14:17:27",200,"{""data_failed"":[],""message"":""Success""}","2021-08-03 14:18:05",Update
202605,"2021-08-03 14:16:56","2021-08-03 14:16:59",200,"{""data_failed"":[],""message"":""Success""}","2021-08-03 14:17:14",Update
202606,"2021-08-03 12:56:58","2021-08-03 12:56:59",200,"{""data_failed"":[],""message"":""Success""}","2021-08-03 12:57:16",Update
202607,"2021-06-13 16:54:14","2021-06-13 17:47:53.169","Api null","Api null","Api null","CPU Reset"
202608,"2021-08-03 14:18:22","2021-08-03 14:18:27",200,"{""data_failed"":[],""message"":""Success""}","2021-08-03 14:18:40",Update
202609,"2021-08-03 14:18:12","2021-08-03 14:18:15",200,"{""data_failed"":[],""message"":""Success""}","2021-08-03 14:18:37",Update
202610,"2021-08-03 14:18:01","2021-08-03 14:18:08",200,"{""data_failed"":[],""message"":""Success""}","2021-08-03 14:18:26",Update
202611,"2021-08-03 14:18:22","2021-08-03 14:18:25",200,"{""data_failed"":[],""message"":""Success""}","2021-08-03 14:18:41",Update
202612,"2021-08-03 14:16:41","2021-08-03 14:16:45",200,"{""data_failed"":[],""message"":""Success""}","2021-08-03 14:16:52",Update
202613,"2021-08-03 14:18:03","2021-08-03 14:18:05",200,"{""data_failed"":[],""message"":""Success""}","2021-08-03 14:18:26",Update
202614,"2021-08-03 14:18:20","2021-08-03 14:18:24",200,"{""data_failed"":[],""message"":""Success""}","2021-08-03 14:18:39",Update
202901,"2021-08-03 14:18:01","2021-08-03 14:18:04",200,"{""data_failed"":[],""message"":""Success""}","2021-08-03 14:18:32",Update
202902,"2021-08-03 14:18:28","2021-08-03 14:18:31",200,"{""data_failed"":[],""message"":""Success""}","2021-08-03 14:18:49",Update
202903,"2021-08-03 14:18:41","2021-08-03 14:18:44",200,"{""data_failed"":[],""message"":""Success""}","2021-08-03 14:19:01",Update
202904,"2021-08-03 14:17:58","2021-08-03 14:18:01",200,"{""data_failed"":[],""message"":""Success""}","2021-08-03 14:18:30",Update
202905,"2021-08-03 14:16:57","2021-08-03 14:16:59",200,"{""data_failed"":[],""message"":""Success""}","2021-08-03 14:17:16",Update
202906,"2021-08-03 14:18:39","2021-08-03 14:18:41",200,"{""data_failed"":[],""message"":""Success""}","2021-08-03 14:19:00",Update
202907,"2021-08-03 14:18:05","2021-08-03 14:18:08",200,"{""data_failed"":[],""message"":""Success""}","2021-08-03 14:18:33",Update
202908,"2021-08-03 14:18:24","2021-08-03 14:18:27",200,"{""data_failed"":[],""message"":""Success""}","2021-08-03 14:18:41",Update
202909,"2021-08-03 14:18:08","2021-08-03 14:18:11",200,"{""data_failed"":[],""message"":""Success""}","2021-08-03 14:18:33",Update
202910,"2021-08-03 14:18:17","2021-08-03 14:18:17",200,"{""data_failed"":[],""message"":""Success""}","2021-08-03 14:18:39",Update
